ï»¿Record Id,Created Time,HSLP ordered at,Platform database ID (Agent),Display name,Property city,State (Agent),Closing date,Property Status,Property Status Updated,Closing Date is Wrong,,
zcrm_1781014000169204844,6/28/2022,6/28/2022,344087,10212 west rutland village,Austin,Texas,,,,false,,
zcrm_1781014000169189661,6/28/2022,6/28/2022,75903,1110 Vanderbuilt Cir,Pflugerville,Texas,,,,false,,
zcrm_1781014000169184172,6/28/2022,6/28/2022,344787,576 Piney Groves School Rd,Marshall,Texas,,,,false,,
zcrm_1781014000169177220,6/28/2022,6/28/2022,22093,236 Raptor Beak Way,Cedar Creek,Texas,,,,false,,
zcrm_1781014000169175428,6/28/2022,6/28/2022,5703,1420 Windcrest Drive,Round Rock,Texas,,,,false,,
zcrm_1781014000169171137,6/28/2022,6/28/2022,18867,16514 Glen Eve Path,San Antonio,Texas,"Sep 26, 2022",,,false,,
zcrm_1781014000169158169,6/28/2022,6/29/2022,5696,16107 Sandpoint Cv,Austin,Texas,,,,false,,
zcrm_1781014000169156594,6/28/2022,6/28/2022,273656,2610 Maxwell,Midland,Texas,,,,false,,
zcrm_1781014000169156244,6/28/2022,7/6/2022,4302,334 Ranch Gate Lane,Frisco,Texas,,,,false,,
zcrm_1781014000169146692,6/28/2022,8/8/2022,217608,3709 Latigo Dr,Killeen,Texas,,,,false,,
zcrm_1781014000169113933,6/28/2022,7/13/2022,21545,681 Thousand Oaks Dr,Cedar Creek,Texas,,,,false,,
zcrm_1781014000169100337,6/28/2022,9/12/2022,78243,2046 N Gratz St,Philadelphia,Pennsylvania,,,,false,,
zcrm_1781014000169098881,6/28/2022,6/28/2022,44366,2250 FM 773,Grand Saline,Texas,,,,false,,
zcrm_1781014000169096223,6/28/2022,7/1/2022,134442,4605 Lookout Mountain Ln.,Killeen,Texas,"Sep 9, 2022",,,false,,
zcrm_1781014000169092217,6/28/2022,7/6/2022,58384,1422 W Lullwood Ave,San Antonio,Texas,,,,false,,
zcrm_1781014000169086495,6/28/2022,6/28/2022,21526,5907 Carry Back Ln,Austin,Texas,,,,false,,
zcrm_1781014000169084609,6/28/2022,6/28/2022,743,260 Cactus Patch,Selma,Texas,,,,false,,
zcrm_1781014000169028461,6/27/2022,6/28/2022,61270,10603 Yucca,Austin,Texas,,,,false,,
zcrm_1781014000169024078,6/27/2022,7/22/2022,18867,4619 Aspen View,San Antonio,Texas,,,,false,,
zcrm_1781014000169013373,6/27/2022,7/6/2022,ID:dd404aaf-6347-445d-b65f-4b3deb40067c,2285 Long Island Court 89436,Sparks,Nevada,"Sep 26, 2022",,,false,,
zcrm_1781014000168998340,6/27/2022,7/1/2022,293420,3909 Redbud Dr.,Aubrey,Texas,"Sep 22, 2022",,,false,,
zcrm_1781014000168998174,6/27/2022,6/27/2022,112999,18515 Mabels Island Ct,Humble,Texas,,,,false,,
zcrm_1781014000168973469,6/27/2022,6/27/2022,344087,6616 Plains Crest Drive,Del Valle,Texas,,,,false,,
zcrm_1781014000168962352,6/27/2022,6/27/2022,64456,4103 Mountain VIew,Kingsland,Texas,,,,false,,
zcrm_1781014000168950058,6/27/2022,6/29/2022,98105,414 Rosecliff Drive,Wexford,Pennsylvania,,,,false,,
zcrm_1781014000168948708,6/27/2022,7/8/2022,269,6103 Lake Shore Drive,Lago Vista,Texas,,,,false,,
zcrm_1781014000168939510,6/27/2022,6/27/2022,36298,7706 river pass dr,Pearland,Texas,,,,false,,
zcrm_1781014000168936997,6/27/2022,7/11/2022,158,507 Sabine St #401,Austin,Texas,,,,false,,
zcrm_1781014000168844625,6/27/2022,6/27/2022,129627,2869 FM 2091 N,Gonzales,Texas,,,,false,,
zcrm_1781014000168840634,6/27/2022,6/27/2022,92317,516 Cornerstone Way,East Stroudsburg,Pennsylvania,"Sep 27, 2022",,,false,,
zcrm_1781014000168825438,6/27/2022,6/27/2022,149220,3334 Saltillo Way,San Antonio,Texas,,,,false,,
zcrm_1781014000168811237,6/27/2022,8/9/2022,236832,511 Union Street,Perkasie,Pennsylvania,,,,false,,
zcrm_1781014000168807860,6/27/2022,6/27/2022,5176,6160 Balcony Ln,Dallas,Texas,,,,false,,
zcrm_1781014000168805984,6/27/2022,7/16/2022,156808,18713 Silent Water Way,Pflugerville,Texas,"Sep 27, 2022",,,false,,
zcrm_1781014000168805222,6/27/2022,6/30/2022,89110,1262 S. Albemarle Street,York,Pennsylvania,"Sep 19, 2022",,,true,,
zcrm_1781014000168799358,6/27/2022,6/27/2022,43838,2930 Waters Edge,Quinlan,Texas,,,,false,,
zcrm_1781014000168668251,6/27/2022,6/27/2022,90082,120 Randon Lane,Hazleton,Pennsylvania,,,,false,,
zcrm_1781014000168666369,6/27/2022,6/27/2022,49946,1996 Westvalley Pl,Round Rock,Texas,,,,false,,
zcrm_1781014000168630934,6/26/2022,6/30/2022,128851,982 County Road 676,Dayton,Texas,,,,false,,
zcrm_1781014000168630387,6/26/2022,7/7/2022,292933,7604 Chestnut Drive,North Richland Hills,Texas,,,,false,,
zcrm_1781014000168625207,6/26/2022,6/29/2022,3708,914 W 22 1/2 #305,Austin,Texas,,,,false,,
zcrm_1781014000168622447,6/26/2022,6/26/2022,275850,1200 Cuero dr,Garland,Texas,,,,false,,
zcrm_1781014000168612064,6/26/2022,7/6/2022,127838,1440 S Hicks St.,Philadelphia,Pennsylvania,,,,false,,
zcrm_1781014000168586729,6/26/2022,6/28/2022,2221,8692 FM 16,Van,Texas,,,,false,,
zcrm_1781014000168564246,6/25/2022,6/26/2022,317611,103 Hebron Lane,Sylva,North Carolina,,,,false,,
zcrm_1781014000168559111,6/25/2022,6/25/2022,341384,249 County Road 817,Buna,Texas,,,,false,,
zcrm_1781014000168550744,6/25/2022,6/27/2022,20682,805 Trenton Street,Weatherford,Texas,,,,false,,
zcrm_1781014000168546578,6/25/2022,6/26/2022,20682,1812 Circleview Drive,Weatherford,Texas,,,,false,,
zcrm_1781014000168544104,6/25/2022,6/26/2022,89613,5824 Spruce Street,Philadelphia,Pennsylvania,,,,false,,
zcrm_1781014000168524711,6/25/2022,6/25/2022,339562,710 Colorado,Austin,Texas,"Jul 18, 2022",,,false,,
zcrm_1781014000168520344,6/25/2022,7/21/2022,5587,2710 Cedar Springs Pl,Round Rock,Texas,,,,false,,
zcrm_1781014000168481033,6/24/2022,6/24/2022,ID:d0531268-40d1-4446-ae1c-43313dace9fb,4510 San Carlos Avenue 94601,Oakland,California,,,,false,,
zcrm_1781014000168480973,6/25/2022,6/25/2022,160508,3516 Glen Ave,Easton,Pennsylvania,"Sep 23, 2022",,,false,,
zcrm_1781014000168479283,6/24/2022,6/24/2022,ID:5502d201-cd13-4f28-98c9-2a4de85be5f5,"2036 Cobblefield Way, Glendora CA 91740-6708 91740-6708",Glendora,California,,,,false,,
zcrm_1781014000168463952,6/24/2022,6/26/2022,84911,1823 Viruth St,Pittsburgh,Pennsylvania,,,,false,,
zcrm_1781014000168454047,6/24/2022,9/7/2022,49867,1508 Dahlia Ct.,Pflugerville,Texas,,,,false,,
zcrm_1781014000168426993,6/24/2022,6/24/2022,257250,1812 Vassar Street,Houston,Texas,,,,false,,
zcrm_1781014000168420304,6/24/2022,6/26/2022,299931,7208 Precinct Line Rd,Hurst,Texas,,,,false,,
zcrm_1781014000168419924,6/24/2022,6/25/2022,148954,739 Avondale Ave,San Antonio,Texas,"Sep 30, 2022",,,false,,
zcrm_1781014000168417432,6/24/2022,6/26/2022,205568,5601 St Hwy 361 #109,Port Aransas,Texas,,,,false,,
zcrm_1781014000168416399,6/24/2022,7/13/2022,2667,1616 Arndt,New Braunfels,Texas,,,,false,,
zcrm_1781014000168412201,6/24/2022,6/25/2022,61418,3429 Whisper Haven,Schertz,Texas,,,,false,,
zcrm_1781014000168407226,6/24/2022,6/24/2022,49891,9400 Ranchland Hills Blvd.,Jonestown,Texas,,,,false,,
zcrm_1781014000168396662,6/24/2022,6/24/2022,1120,1564 Lazy Ln,Corpus Christi,Texas,,,,false,,
zcrm_1781014000168396101,6/24/2022,6/24/2022,49597,15406 Big Cyprus Bayou,Corpus Christi,Texas,,,,false,,
zcrm_1781014000168395872,6/24/2022,6/24/2022,32454,2326 Scenic Road,Midland,Texas,,,,false,,
zcrm_1781014000168392291,6/24/2022,6/30/2022,289457,3915 Esmond Dr,Odessa,Texas,,,,false,,
zcrm_1781014000168386908,6/24/2022,6/24/2022,208193,502 Rotary,San Antonio,Texas,,,,false,,
zcrm_1781014000168317500,6/24/2022,9/9/2022,59446,770 Hunters Place,Prosper,Texas,,,,false,,
zcrm_1781014000168310748,6/24/2022,6/24/2022,299571,724 School Street,Benavides,Texas,,,,false,,
zcrm_1781014000168293759,6/24/2022,6/25/2022,ID:faa276ee-9b73-46dd-a04b-917a5f0c9f47,8217 Cadillac Lane 63134,Berkeley,Missouri,"Oct 8, 2022",,,false,,
zcrm_1781014000168282357,6/24/2022,6/24/2022,144585,276 Bridlewood Path,Seguin,Texas,,,,false,,
zcrm_1781014000168261833,6/24/2022,6/24/2022,89246,1819 Tyler Street,Aliquippa,Pennsylvania,"Sep 9, 2022",,,false,,
zcrm_1781014000168261420,6/24/2022,7/1/2022,46863,527 Lost Cove Drive,Spicewood,Texas,,,,false,,
zcrm_1781014000168261372,6/24/2022,7/1/2022,69489,706 E 47th Street,Austin,Texas,,,,false,,
zcrm_1781014000168261221,6/24/2022,6/30/2022,329190,748 Madison st,Coatesville,Pennsylvania,,,,false,,
zcrm_1781014000168095626,6/24/2022,7/11/2022,295333,2003 Clyde Falls Drive,Richmond,Texas,,,,false,,
zcrm_1781014000168076017,6/23/2022,6/24/2022,5844,9731 Anderson Village Drive,Austin,Texas,,,,false,,
zcrm_1781014000168048817,6/23/2022,6/24/2022,58842,903 Karen Ave,Austin,Texas,,,,false,,
zcrm_1781014000168046837,6/23/2022,9/13/2022,101164,14601 Ballycastle Trail,Austin,Texas,,,,false,,
zcrm_1781014000168045647,6/23/2022,6/24/2022,20805,3516 E. Renfro Street,Burleson,Texas,,,,false,,
zcrm_1781014000168044936,6/23/2022,7/8/2022,257502,6929 Ave L,Houston,Texas,,,,false,,
zcrm_1781014000168023624,6/23/2022,6/26/2022,264036,1033 Wagon Trail,Little Elm,Texas,,,,false,,
zcrm_1781014000168023161,6/23/2022,6/23/2022,ID:4f2c007f-7ffa-4159-8f81-2c798ff56178,15399 North 520 Road 74464,Tahlequah,Oklahoma,,,,false,,
zcrm_1781014000168017681,6/23/2022,6/23/2022,1160,7013 Kate Reed Dr,Odessa,Texas,,,,false,,
zcrm_1781014000168016502,6/23/2022,6/25/2022,21242,"1833 Ficuzza Way, Leander, TX 78641",Leander,Texas,"Sep 20, 2022",,,false,,
zcrm_1781014000168015111,6/23/2022,6/24/2022,ID:f0684590-be60-417d-ae3c-0b8717e34796,5490 County Road 620 63701,Cape Girardeau,Missouri,,,,false,,
zcrm_1781014000168003229,6/23/2022,6/26/2022,185617,21661 Forest Grove Dr.,Chandler,Texas,,,,false,,
zcrm_1781014000167999943,6/23/2022,6/29/2022,63988,7633 Vista Del Sol,Odessa,Texas,,,,false,,
zcrm_1781014000167996969,6/23/2022,6/26/2022,20805,2305 Blanco Court,Arlington,Texas,"Sep 15, 2022",,,false,,
zcrm_1781014000167996274,6/23/2022,9/2/2022,331301,601 N Spring,Grand Saline,Texas,,,,false,,
zcrm_1781014000167991604,6/23/2022,6/26/2022,77850,605 N. Bromley,Scranton,Pennsylvania,,,,false,,
zcrm_1781014000167898369,6/23/2022,6/29/2022,210220,2811 Vernon Ave.,Austin,Texas,,,,false,,
zcrm_1781014000167898041,6/23/2022,6/23/2022,126478,1208 Taylor Creek Dr.,Mesquite,Texas,,,,false,,
zcrm_1781014000167891866,6/23/2022,6/23/2022,29985,115 Oakbluff Cv,Lakeway,Texas,,,,false,,
zcrm_1781014000167869499,6/23/2022,8/30/2022,3525,824 Stone Mountain Dr.,Conroe,Texas,,,,false,,
zcrm_1781014000167867732,6/23/2022,6/23/2022,144585,4201 Rosebelle Ave,Killeen,Texas,,,,false,,
zcrm_1781014000167851348,6/23/2022,7/6/2022,58150,168 Blushing Dr,Buda,Texas,,,,false,,
zcrm_1781014000167840937,6/23/2022,6/26/2022,35977,16708 French Harbour Ct.,Austin,Texas,,,,false,,
zcrm_1781014000167840440,6/23/2022,9/12/2022,59446,4079 Chevy Chase Lane,Frisco,Texas,,,,false,,
zcrm_1781014000167840082,6/23/2022,6/23/2022,125542,201 Avena Trl,Lakeway,Texas,,,,false,,
zcrm_1781014000167822965,6/23/2022,6/23/2022,65939,344 Lone Mountain Dr.,Katy,Texas,,,,false,,
zcrm_1781014000167690004,6/23/2022,8/22/2022,126101,2219 Field Lane,Bedford,Texas,,,,false,,
zcrm_1781014000167661397,6/23/2022,7/15/2022,98517,2410 S. Carlisle,PHILADELPHIA,Pennsylvania,,,,false,,
zcrm_1781014000167530182,6/22/2022,6/22/2022,210846,12661 Sunlight Drive,Dallas,Texas,,,,false,,
zcrm_1781014000167504899,6/22/2022,6/23/2022,48470,308 Brushy Hill Rd,Spicewood,Texas,,,,false,,
zcrm_1781014000167496041,6/22/2022,7/5/2022,343101,408 W Gay Street,West Chester,Pennsylvania,,,,false,,
zcrm_1781014000167464024,6/22/2022,6/22/2022,32991,312 E Newland Dr,Robinson,Texas,,,,false,,
zcrm_1781014000167462362,6/22/2022,6/28/2022,297572,221 Providence Place,Bullard,Texas,,,,false,,
zcrm_1781014000167462072,6/22/2022,7/27/2022,229978,310 Deer Run Court,Royersford,Pennsylvania,"Oct 12, 2022",,,false,,
zcrm_1781014000167460639,6/22/2022,6/22/2022,3554,10 FAIRWAY OAKS PLACE DR,THE WOODLANDS,Texas,,,,false,,
zcrm_1781014000167460332,6/22/2022,6/22/2022,51381,1830 Chino Valley Trail,Round Rock,Texas,,,,false,,
zcrm_1781014000167439795,6/22/2022,6/23/2022,267691,112 Springtree Bnd,Cibolo,Texas,,,,false,,
zcrm_1781014000167437567,6/22/2022,6/25/2022,200902,559 CR 129,Alice,Texas,,,,false,,
zcrm_1781014000167437213,6/22/2022,6/22/2022,62674,1654 Middle Rd,Denison,Texas,,,,false,,
zcrm_1781014000167427599,6/22/2022,7/14/2022,154320,540 County Road 4470,Decatur,Texas,,,,false,,
zcrm_1781014000167425807,6/22/2022,6/26/2022,64902,3312 Claymore Street,Killeen,Texas,,,,false,,
zcrm_1781014000167423946,6/22/2022,6/24/2022,7375,10400 Little Horn Cir.,Frisco,Texas,,,,false,,
zcrm_1781014000167418238,6/22/2022,6/22/2022,184653,620 High Meadow Dr.,Pleasanton,Texas,,,,false,,
zcrm_1781014000167416818,6/22/2022,6/22/2022,ID:9e2b915d-332e-4aff-acd2-69ceed7391b0,1650 Andy Way 89408,Fernley,Nevada,,,,false,,
zcrm_1781014000167416730,6/22/2022,7/11/2022,2325,6917 Westcoat Dr,Colleyville,Texas,,,,false,,
zcrm_1781014000167414354,6/22/2022,6/22/2022,65205,7901 Southwest Parkway #26,Austin,Texas,"Oct 13, 2022",,,false,,
zcrm_1781014000167405749,6/22/2022,6/22/2022,156304,393 Hogg Mountain Road,Killeen,Texas,,,,false,,
zcrm_1781014000167394524,6/22/2022,7/3/2022,83574,2413 Woodcrest Drive,East Stroudsburg,Pennsylvania,,,,false,,
zcrm_1781014000167390762,6/22/2022,6/22/2022,299025,2960 Reunion Blvd,Austin,Texas,,,,false,,
zcrm_1781014000167389818,6/22/2022,6/22/2022,2525,7967 Hanging Branch,San Antonio,Texas,"Sep 29, 2022",,,false,,
zcrm_1781014000167384937,6/22/2022,6/23/2022,98019,38 Deep Hollow Rd,Lancaster,Pennsylvania,"Sep 30, 2022",,,false,,
zcrm_1781014000167383674,6/22/2022,6/24/2022,5500,3405 Windy Harbor Drive,Austin,Texas,,,,false,,
zcrm_1781014000167383606,6/22/2022,6/22/2022,133161,700 S Adams Street,Mcgregor,Texas,,,,false,,
zcrm_1781014000167268368,6/22/2022,7/8/2022,171882,757 Gulf Ave,Port Neches,Texas,,,,false,,
zcrm_1781014000167259178,6/22/2022,7/5/2022,5673,105 St. Lucia Cv,Lakeway,Texas,"Oct 10, 2022",,,false,,
zcrm_1781014000167126550,6/21/2022,6/23/2022,6657,3725 Valley View Ln,Flower Mound,Texas,,,,false,,
zcrm_1781014000167102476,6/21/2022,6/27/2022,177022,2308 Clermont Lane,Denton,Texas,"Sep 21, 2022",,,false,,
zcrm_1781014000167102091,6/21/2022,6/21/2022,139823,1614 North Sky Soldier Road,Weslaco,Texas,,,,false,,
zcrm_1781014000167094734,6/21/2022,6/21/2022,169277,805 Bradley Drive,Athens,Texas,"Oct 3, 2022",,,false,,
zcrm_1781014000167093198,6/21/2022,9/8/2022,132124,15803 Bellister St.,Selma,Texas,,,,true,,
zcrm_1781014000167085212,6/21/2022,7/6/2022,29087,6250 Kenneth Capshaw Place,El Paso,Texas,"Oct 14, 2022",,,false,,
zcrm_1781014000167081329,6/21/2022,6/23/2022,257426,106 Cedar Street,Leonard,Texas,,,,false,,
zcrm_1781014000167080122,6/21/2022,7/1/2022,117907,5615 Barremore Street,Houston,Texas,,,,false,,
zcrm_1781014000167080032,6/21/2022,6/21/2022,5671,300 Barton Ranch,Dripping Springs,Texas,"Sep 22, 2022",,,false,,
zcrm_1781014000167076387,6/21/2022,6/28/2022,109262,6611 Brightonwood Ct,Spring,Texas,,,,false,,
zcrm_1781014000167074279,6/21/2022,6/21/2022,5049,2817 Gillingham Ln,McKinney,Texas,,,,false,,
zcrm_1781014000167073470,6/21/2022,6/22/2022,43235,1824 Real Dr,Waco,Texas,,,,true,,
zcrm_1781014000167071939,6/21/2022,6/21/2022,53329,1707 Quail Ridge Drive,Katy,Texas,,,,false,,
zcrm_1781014000167061960,6/21/2022,7/1/2022,23199,1906 Pueblo,Midland,Texas,,,,false,,
zcrm_1781014000166925515,6/21/2022,7/1/2022,5300,6504 Genoa Road,Fort Worth,Texas,,,,false,,
zcrm_1781014000166925418,6/21/2022,6/21/2022,260403,7704 Emerson Lane,Flower Mound,Texas,,,,false,,
zcrm_1781014000166877842,6/21/2022,6/21/2022,5176,4217 E Pleasant Forest St,Arlington,Texas,,,,false,,
zcrm_1781014000166877754,6/21/2022,6/21/2022,107674,1234 Schitt's Creek,Austin,Texas,,,,false,,
zcrm_1781014000166876634,6/21/2022,6/22/2022,126478,1208 Taylor Creek Dr.,Mesquite,Texas,,,,false,,
zcrm_1781014000166665712,6/21/2022,6/21/2022,61905,955 County Road 1744,Chico,Texas,,,,false,,
zcrm_1781014000166630000,6/20/2022,6/20/2022,114801,407 S. 3rd St,Bellwood,Pennsylvania,,,,false,,
zcrm_1781014000166624178,6/20/2022,6/20/2022,ID:bb4d8af1-ede9-476a-baab-cf5d3cb1b9ef,28 Park Mirage Lane 92270,Rancho Mirage,California,,,,false,,
zcrm_1781014000166614380,6/20/2022,6/20/2022,114488,1410 Shannon Valley Drive,Houston,Texas,,,,false,,
zcrm_1781014000166614309,6/20/2022,7/1/2022,63258,11939 Curtis Hill,San Antonio,Texas,"Sep 26, 2022",,,false,,
zcrm_1781014000166602772,6/20/2022,6/20/2022,280720,16205 Private Road 1740,Lubbock,Texas,,,,false,,
zcrm_1781014000166601238,6/20/2022,6/26/2022,124994,1910 Windy Peach,Houston,Texas,,,,false,,
zcrm_1781014000166597136,6/20/2022,6/20/2022,9502,2529 Jackson Dr,Lewisville,Texas,"Sep 8, 2022",,,false,,
zcrm_1781014000166595567,6/20/2022,6/20/2022,121004,10749 Astoria Drive,Frisco,Texas,,,,false,,
zcrm_1781014000166577561,6/20/2022,6/21/2022,127411,4747 Sansom Street,Philadelphia,Pennsylvania,,,,false,,
zcrm_1781014000166575098,6/20/2022,6/20/2022,126100,2201 Mission Hill Circle,Austin,Texas,,,,false,,
zcrm_1781014000166565225,6/20/2022,6/22/2022,41869,11979 FM 344 W,Bullard,Texas,,,,false,,
zcrm_1781014000166563481,6/20/2022,6/22/2022,6170,3846 Lancelot Place,Garland,Texas,,,,false,,
zcrm_1781014000166559259,6/20/2022,7/2/2022,4187,1424 W Peters Colony Road,Carrollton,Texas,"Sep 22, 2022",,,false,,
zcrm_1781014000166557651,6/20/2022,6/20/2022,307098,85 Price Drive,Clyde,North Carolina,,,,false,,
zcrm_1781014000166557595,6/20/2022,6/22/2022,58994,6905 Stephens Hill Rd.,Forest Hill,Texas,"Sep 12, 2022",,,false,,
zcrm_1781014000166548103,6/20/2022,6/25/2022,256050,"7655 S Braeswood Blvd, Apt 9",Houston,Texas,"Sep 1, 2022",,,false,,
zcrm_1781014000166514408,6/20/2022,6/20/2022,202975,214 Sperry,Red Oak,Texas,,,,false,,
zcrm_1781014000166511971,6/20/2022,6/20/2022,186584,1131 Berger St,Austin,Texas,,,,false,,
zcrm_1781014000166268262,6/19/2022,6/20/2022,193278,1826A Wichita St,Houston,Texas,,,,false,,
zcrm_1781014000166264717,6/19/2022,6/21/2022,179897,697 Doss Ln.,Moody,Texas,,,,false,,
zcrm_1781014000166251707,6/19/2022,6/19/2022,5622,706 W Mary,Austin,Texas,,,,false,,
zcrm_1781014000166228566,6/18/2022,6/18/2022,ID:faa276ee-9b73-46dd-a04b-917a5f0c9f47,842 N New Ballas 63141,Creve Couer,Missouri,,,,false,,
zcrm_1781014000166224190,6/18/2022,7/22/2022,235200,7626 Pheasant Run Ln,Humble,Texas,"Sep 7, 2022",,,false,,
zcrm_1781014000166215170,6/18/2022,6/18/2022,979,331 Shin Oak Dr,San Antonio,Texas,,,,false,,
zcrm_1781014000166208624,6/18/2022,6/19/2022,329568,7037 Ogontz Ave,Philadelphia,Pennsylvania,,,,false,,
zcrm_1781014000166195215,6/18/2022,6/21/2022,43498,3201 W. FM 243,Bertram,Texas,"Sep 29, 2022",,,false,,
zcrm_1781014000166182922,6/18/2022,9/6/2022,329756,8175 CR 2419,Royce City,Texas,,,,false,,
zcrm_1781014000166137261,6/17/2022,6/29/2022,219698,12166 Metric Blvd Unit 341,Austin,Texas,,,,false,,
zcrm_1781014000166128689,6/17/2022,6/18/2022,10957,4522 Charles Williams Pl,San Antonio,Texas,"Sep 12, 2022",,,false,,
zcrm_1781014000166123992,6/17/2022,6/29/2022,143880,503 Lombard St,Perkasie,Pennsylvania,"Sep 29, 2022",,,false,,
zcrm_1781014000166117876,6/17/2022,8/3/2022,341293,1403 W Second Street,Tyler,Texas,,,,false,,
zcrm_1781014000166099037,6/17/2022,6/24/2022,143404,1406 Regalia Ct,Houston,Texas,,,,false,,
zcrm_1781014000166076732,6/17/2022,9/6/2022,340918,90 Hicks Loop W,Cleveland,Texas,,,,false,,
zcrm_1781014000166046990,6/17/2022,6/17/2022,341162,2402 Storey,Midland,Texas,,,,false,,
zcrm_1781014000166044842,6/17/2022,6/20/2022,9266,3840 Arborlawn Drive,Ft. Worth,Texas,,,,false,,
zcrm_1781014000166040949,6/17/2022,8/10/2022,69162,1344 Dobson Drive,Waxhaw,North Carolina,"Sep 20, 2022",,,false,,
zcrm_1781014000166036382,6/17/2022,8/1/2022,18798,22012 Verbena Parkway,Spicewood,Texas,,,,false,,
zcrm_1781014000166030966,6/17/2022,6/21/2022,3685,1705 Barbara,Austin,Texas,,,,false,,
zcrm_1781014000166029701,6/17/2022,6/20/2022,110187,3162 Crest Dr,Port Neches,Texas,,,,false,,
zcrm_1781014000166027582,6/17/2022,6/24/2022,189608,21 Woodesdge Road,Norristown,Pennsylvania,,,,false,,
zcrm_1781014000166027170,6/17/2022,6/17/2022,133161,112 W H Street,Meridian,Texas,,,,false,,
zcrm_1781014000166020487,6/17/2022,6/18/2022,4719,2436 Dove Creek Drive,Little Elm,Texas,,,,false,,
zcrm_1781014000166020407,6/17/2022,6/19/2022,228278,393 County Road 3368,Kempner,Texas,,,,false,,
zcrm_1781014000166020166,6/17/2022,6/21/2022,77254,1728 Edgmont Avenue,Chester,Pennsylvania,,,,false,,
zcrm_1781014000166002284,6/17/2022,6/19/2022,4307,2812 Faro Rd,Aubrey,Texas,"Sep 12, 2022",,,false,,
zcrm_1781014000165889964,6/17/2022,6/19/2022,339485,527 Hazeltine Road,Red Oak,Texas,"Sep 15, 2022",,,true,,
zcrm_1781014000165884973,6/17/2022,6/17/2022,291192,9011 Harbour Town,Selma,Texas,,,,false,,
zcrm_1781014000165879066,6/17/2022,9/7/2022,331301,620 PR 7844,Hawkins,Texas,"Sep 30, 2022",,,true,,
zcrm_1781014000165871917,6/17/2022,7/5/2022,109962,708 N. Daniels,Carthage,Texas,,,,false,,
zcrm_1781014000165820096,6/16/2022,6/16/2022,ID:dcdbefd4-5de0-4fed-ad47-358ad2c2052f,"27704 Havana Ave, Hayward CA 94544-5006 94544-5006",Hayward,California,"Sep 13, 2022",,,false,,
zcrm_1781014000165777249,6/16/2022,6/17/2022,161362,10223 Trail Ridge Drive,Benbrook,Texas,,,,false,,
zcrm_1781014000165775072,6/16/2022,6/17/2022,ID:594fc3c2-a592-400a-95be-4b66c2460b12,2177 Barberry Way 89512,Reno,Nevada,,,,false,,
zcrm_1781014000165767686,6/16/2022,6/16/2022,21242,"157 S Ridge Dr, Cedar Creek, TX 78612",Cedar Creek,Texas,,,,false,,
zcrm_1781014000165764183,6/16/2022,6/17/2022,14673,2308 Acacia Drive,Richardson,Texas,"Oct 6, 2022",,,false,,
zcrm_1781014000165761239,6/16/2022,6/17/2022,260852,16604 Mixtli Cove,Leander,Texas,,,,false,,
zcrm_1781014000165745522,6/16/2022,6/17/2022,ID:150abce0-54c6-40d9-a70a-bc69de9edf79,472733 East 754 Road 74965,Westville,Oklahoma,,,,false,,
zcrm_1781014000165740152,6/16/2022,6/28/2022,44122,155 Courtney Bay Ln,Argyle,Texas,,,,false,,
zcrm_1781014000165739076,6/16/2022,6/21/2022,64902,2207 Modoc Dr.,Harker Heights,Texas,,,,false,,
zcrm_1781014000165730538,6/16/2022,6/16/2022,61288,497 Quail Run Rd.,Sherman,Texas,,,,false,,
zcrm_1781014000165722549,6/16/2022,7/23/2022,5267,413 Silver Lane,Azle,Texas,,,,false,,
zcrm_1781014000165722207,6/16/2022,6/17/2022,3053,7526 Legend Rock,San Antonio,Texas,,,,false,,
zcrm_1781014000165719271,6/16/2022,6/16/2022,338026,411 Arden Oaks Cir,Cape Carteret,North Carolina,,,,false,,
zcrm_1781014000165718857,6/16/2022,6/30/2022,21729,2043 Cowan Dr.,New Braunfels,Texas,"Sep 7, 2022",,,false,,
zcrm_1781014000165716672,6/16/2022,6/16/2022,21545,1203 Karen Lane,Groesbeck,Texas,,,,false,,
zcrm_1781014000165713525,6/16/2022,6/16/2022,3544,1823 W 14TH 1/2 ST,Houston,Texas,,,,false,,
zcrm_1781014000165711523,6/16/2022,6/16/2022,68098,136 Greenbrier Dr,Kyle,Texas,,,,false,,
zcrm_1781014000165711164,6/16/2022,6/19/2022,173471,3754 Browning Bluff,San Antonio,Texas,,,,false,,
zcrm_1781014000165682506,6/16/2022,6/16/2022,275655,3402 Garrott St. Unit #10,Houston,Texas,,,,false,,
zcrm_1781014000165680044,6/16/2022,6/16/2022,204333,1733 Diamond Street,Sellersville,Pennsylvania,,,,false,,
zcrm_1781014000165679452,6/16/2022,6/17/2022,8153,6124 Teague Rd,Fort Worth,Texas,,,,false,,
zcrm_1781014000165679349,6/16/2022,6/16/2022,28561,92 Woodcreek Drive,Wimberley,Texas,,,,false,,
zcrm_1781014000165675578,6/16/2022,6/16/2022,ID:fea1dd55-493c-4ba7-80af-306188575209,2300 Blackfield Drive 94520,Concord,California,"Sep 29, 2022",,,false,,
zcrm_1781014000165573058,6/16/2022,6/17/2022,230750,2808 Kneese Dr,Belton,Texas,,,,false,,
zcrm_1781014000165563279,6/16/2022,6/16/2022,68098,6501 E Hill Dr #311,Austin,Texas,,,,false,,
zcrm_1781014000165498374,6/16/2022,6/16/2022,76449,17709 Prairie Verbena Ln,Elgin,Texas,,,,false,,
zcrm_1781014000165477750,6/16/2022,8/8/2022,8997,3001 Broadgate Lane,Southlake,Texas,,,,false,,
zcrm_1781014000165467392,6/16/2022,6/16/2022,257189,10611 BERTHOUND DR,Austin,Texas,"Sep 29, 2022",,,false,,
zcrm_1781014000165451372,6/15/2022,6/16/2022,178864,18219 Windmill Ct,College Station,Texas,,,,false,,
zcrm_1781014000165448103,6/15/2022,6/16/2022,7424,10201 Perkins Drive,Irving,Texas,"Sep 13, 2022",,,false,,
zcrm_1781014000165434532,6/15/2022,6/24/2022,188353,14585 Ranch Road 2338,Georgetown,Texas,,,,false,,
zcrm_1781014000165429688,6/15/2022,6/15/2022,58772,706 snapdragon trl,mesquite,Texas,,,,false,,
zcrm_1781014000165400540,6/15/2022,8/15/2022,169377,3008 Briscoe Drive,Killeen,Texas,,,,false,,
zcrm_1781014000165394012,6/15/2022,6/15/2022,22968,4808 Carsonhill Dr,Austin,Texas,,,,false,,
zcrm_1781014000165387358,6/15/2022,6/24/2022,53352,4318 S Bonham,Amarillo,Texas,"Sep 15, 2022",,,false,,
zcrm_1781014000165386583,6/15/2022,6/15/2022,970,3914 Berlet,Corpus Christi,Texas,"Sep 9, 2022",,,false,,
zcrm_1781014000165366395,6/15/2022,6/23/2022,4302,6475 Kiest Forest Drive,Frisco,Texas,,,,false,,
zcrm_1781014000165359426,6/15/2022,6/15/2022,11164,10788 S FM 225,Nacogdoches,Texas,,,,false,,
zcrm_1781014000165358670,6/15/2022,6/15/2022,60104,14912 Packery View Loop,Corpus Christi,Texas,,,,false,,
zcrm_1781014000165353549,6/15/2022,6/16/2022,186354,18450 Sunrise Pines,Montgomery,Texas,"Sep 16, 2022",,,false,,
zcrm_1781014000165335766,6/15/2022,6/24/2022,113186,704 Maple Street,Yoakum,Texas,,,,false,,
zcrm_1781014000165302796,6/15/2022,7/12/2022,411,2700 Cottonwood Drive,Georgetown,Texas,"Sep 9, 2022",,,false,,
zcrm_1781014000165293417,6/15/2022,6/15/2022,43490,341 Crossvine Trl,Georgetown,Texas,,,,false,,
zcrm_1781014000165275894,6/15/2022,9/6/2022,48509,4708 Almirante Cove,Austin,Texas,,,,false,,
zcrm_1781014000165252131,6/14/2022,6/14/2022,301022,1372 Sconsett Way,State College,Pennsylvania,"Sep 12, 2022",,,false,,
zcrm_1781014000165251171,6/14/2022,6/15/2022,124200,212 Copperhead RD,Mineral Wells,Texas,,,,false,,
zcrm_1781014000165243640,6/14/2022,6/16/2022,196720,1507 Mountain Laurel,Harker Heights,Texas,,,,false,,
zcrm_1781014000165241409,6/14/2022,6/26/2022,75206,217 Westview Dr,Sealy,Texas,,,,false,,
zcrm_1781014000165235010,6/14/2022,6/14/2022,ID:a488e6f8-9532-42d1-b13a-180f1b7d5612,449 Annette Avenue 94591,Vallejo,California,,,,false,,
zcrm_1781014000165232462,6/14/2022,6/25/2022,178136,179 Pear Tree Ln,Austin,Texas,,,,false,,
zcrm_1781014000165210835,6/14/2022,7/6/2022,20521,707 SE 15th St,Mineral Wells,Texas,,,,false,,
zcrm_1781014000165210604,6/14/2022,7/31/2022,24567,3812 E Songbird Ln,San Antonio,Texas,,,,false,,
zcrm_1781014000165203969,6/14/2022,6/14/2022,72940,10410 Canyon River,Helotes,Texas,,,,false,,
zcrm_1781014000165201025,6/14/2022,6/15/2022,339776,2308 Naudain St. Unit B,Philadelphia,Pennsylvania,,,,false,,
zcrm_1781014000165201001,6/14/2022,6/14/2022,28149,160 Pink Granite,Dripping Springs,Texas,,,,false,,
zcrm_1781014000165200455,6/14/2022,6/24/2022,311296,7105 Camp Creek Drive,Arlington,Texas,"Sep 23, 2022",,,false,,
zcrm_1781014000165190248,6/14/2022,6/20/2022,281504,12222 Riva Ridge Ln,Houston,Texas,,,,false,,
zcrm_1781014000165179893,6/14/2022,6/14/2022,326078,946 W Theo Ave,San Antonio,Texas,,,,false,,
zcrm_1781014000165169172,6/14/2022,6/15/2022,211828,125 Tumble Court,East Stroudsburg,Pennsylvania,"Aug 12, 2022",,,true,,
zcrm_1781014000165135969,6/14/2022,6/16/2022,119243,1510 N. Morris St.,McKinney,Texas,"Sep 12, 2022",,,false,,
zcrm_1781014000165131912,6/14/2022,6/14/2022,339672,245 West Bruceton,Pleasant Hills,Pennsylvania,,,,false,,
zcrm_1781014000165131503,6/14/2022,6/14/2022,3734,3011 VZ County Road 4714,Ben Wheeler,Texas,,,,false,,
zcrm_1781014000165113054,6/14/2022,6/14/2022,127838,1440 S Hicks St,Philadelphia,Pennsylvania,,,,false,,
zcrm_1781014000165084784,6/14/2022,7/1/2022,3670,410 Coopers Bend Rd,Spicewood,Texas,,,,false,,
zcrm_1781014000165078903,6/14/2022,6/21/2022,51639,1110 Marstellar Avenue,College Station,Texas,"Sep 16, 2022",,,false,,
zcrm_1781014000165078574,6/14/2022,6/14/2022,229854,1004 Bass Rd,Sellers,South Carolina,,,,false,,
zcrm_1781014000164955076,6/14/2022,6/14/2022,293991,3211 Malmaison Road,Killeen,Texas,,,,false,,
zcrm_1781014000164954978,6/14/2022,6/16/2022,117659,78 Marple Avenue,Clifton Heights,Pennsylvania,,,,false,,
zcrm_1781014000164910762,6/14/2022,6/18/2022,92399,93 Swallow Rd,Pittston,Pennsylvania,,,,false,,
zcrm_1781014000164815426,6/13/2022,6/14/2022,164006,113 Hilliard Avenue,Lexington,Texas,,,,false,,
zcrm_1781014000164813068,6/13/2022,9/7/2022,3247,11307 Widefield LN,San Antonio,Texas,,,,false,,
zcrm_1781014000164808498,6/13/2022,6/13/2022,225304,11131 Cupflower,San Antonio,Texas,,,,false,,
zcrm_1781014000164803823,6/13/2022,6/13/2022,21898,101 Rain Lily Ct,Burnet,Texas,,,,false,,
zcrm_1781014000164784172,6/13/2022,6/13/2022,124893,130 E Ruby Road,Harker Heights,Texas,,,,false,,
zcrm_1781014000164767625,6/13/2022,6/13/2022,124893,4803 Jim Avenue,Killeen,Texas,,,,false,,
zcrm_1781014000164758060,6/13/2022,8/16/2022,987,15946 Palo Seco,Corpus Christi,Texas,"Oct 21, 2022",,,false,,
zcrm_1781014000164748952,6/13/2022,6/13/2022,88040,872 east price street,philadelphia,Pennsylvania,,,,false,,
zcrm_1781014000164715326,6/13/2022,6/13/2022,34856,4445 FM 903,Celeste,Texas,,,,false,,
zcrm_1781014000164697665,6/13/2022,9/8/2022,112039,1803 Hill Street,Killeen,Texas,,,,false,,
zcrm_1781014000164695222,6/13/2022,6/13/2022,44122,720 Callaway Dr,Allen,Texas,,,,false,,
zcrm_1781014000164685673,6/13/2022,6/17/2022,338642,7862 Hendrick Farm,San Antonio,Texas,"Aug 12, 2022",,,true,,
zcrm_1781014000164683437,6/13/2022,6/13/2022,212850,4913 Causeway,killeen,Texas,,,,false,,
zcrm_1781014000164644746,6/13/2022,6/15/2022,129167,1028 Chad Loop,Round Rock,Texas,,,,true,,
zcrm_1781014000164644283,6/13/2022,6/14/2022,195525,2806 Ann St,BIg Spring,Texas,,,,false,,
zcrm_1781014000164640359,6/13/2022,6/24/2022,49810,9224 Partridge,Austin,Texas,,,,false,,
zcrm_1781014000164631809,6/13/2022,6/15/2022,229207,1121 Siena Sunset Rd.,Leander,Texas,,,,false,,
zcrm_1781014000164599694,6/13/2022,6/16/2022,335868,4123 Crosswinds Street,Burleson,Texas,,,,false,,
zcrm_1781014000164590917,6/13/2022,7/11/2022,73910,131 E. Estelle Lane,Lucas,Texas,"Sep 20, 2022",,,false,,
zcrm_1781014000164556438,6/13/2022,6/13/2022,257349,312 Lantana Ln,Pleasanton,Texas,"Sep 26, 2022",,,false,,
zcrm_1781014000164527619,6/12/2022,8/7/2022,140811,3700 Crane St.,Dallas,Texas,,,,false,,
zcrm_1781014000164525850,6/12/2022,6/23/2022,338642,1112 30th Street,Hondo,Texas,,,,false,,
zcrm_1781014000164519945,6/12/2022,6/12/2022,244836,4427 SW 14th,Amarillo,Texas,,,,false,,
zcrm_1781014000164510180,6/12/2022,6/12/2022,148180,416 Canary Ave,McAllen,Texas,,,,false,,
zcrm_1781014000164509964,6/12/2022,6/14/2022,85848,537 Halcomb Ave,Clairton,Pennsylvania,,,,false,,
zcrm_1781014000164504005,6/12/2022,6/20/2022,57451,2837 Cedar Brook Drive,Galrland,Texas,,,,false,,
zcrm_1781014000164502511,6/12/2022,6/12/2022,113972,63 Nocturne Woods Place,The Woodlands,Texas,,,,false,,
zcrm_1781014000164500896,6/12/2022,6/12/2022,21545,3318 Calhoun Cove,San Antonio,Texas,,,,false,,
zcrm_1781014000164482932,6/12/2022,6/13/2022,293842,6921 Herman Jared Dr.,North Richland Hills,Texas,,,,false,,
zcrm_1781014000164455990,6/12/2022,6/21/2022,93272,145 Township Rd,Oxford,Pennsylvania,"Sep 16, 2022",,,false,,
zcrm_1781014000164452597,6/11/2022,6/11/2022,209994,1302 Glory Haven Trl,Wylie,Texas,,,,false,,
zcrm_1781014000164443362,6/11/2022,6/11/2022,99884,5200 Alysheba Ln,Midland,Texas,,,,false,,
zcrm_1781014000164410710,6/11/2022,6/13/2022,60626,25051 CR 350,Mathis,Texas,,,,false,,
zcrm_1781014000164410240,6/11/2022,6/11/2022,313853,13423 Forum Rd,Universal City,Texas,,,,false,,
zcrm_1781014000164397927,6/11/2022,8/22/2022,71791,1016 Clemente Ct.,Midland,Texas,,,,false,,
zcrm_1781014000164392690,6/11/2022,6/11/2022,8700,9207 Esplanade Dr,Dallas,Texas,,,,false,,
zcrm_1781014000164390973,6/11/2022,6/11/2022,194871,2709 Ridge Road N,Fort Worth,Texas,,,,false,,
zcrm_1781014000164386280,6/11/2022,6/12/2022,44000,21016 Nimitz,Lago Vista,Texas,,,,false,,
zcrm_1781014000164383610,6/11/2022,6/11/2022,,9819 Emnora,Houston,,,,,false,,
zcrm_1781014000164351923,6/10/2022,6/11/2022,312276,13000 E County Rd 89,Midland,Texas,,,,false,,
zcrm_1781014000164328856,6/10/2022,6/12/2022,119050,1403 CR 2101,Kemp,Texas,,,,false,,
zcrm_1781014000164318891,6/10/2022,6/10/2022,1136,4802 Monette Dr,Corpus Christi,Texas,,,,false,,
zcrm_1781014000164318437,6/10/2022,6/12/2022,87745,722 W Market St.,Pottsville,Pennsylvania,,,,false,,
zcrm_1781014000164318304,6/10/2022,6/10/2022,36179,8301 Big View,Austin,Texas,,,,false,,
zcrm_1781014000164304281,6/10/2022,6/12/2022,204873,1412 S 55th St,Philadelphia,Pennsylvania,"Sep 15, 2022",,,false,,
zcrm_1781014000164215876,6/10/2022,6/11/2022,3322,6333 Iris Run,New Braunfels,Texas,"Sep 19, 2022",,,false,,
zcrm_1781014000164215611,6/10/2022,6/10/2022,240393,125 Landis Road,San Antonio,Texas,,,,false,,
zcrm_1781014000164210479,6/10/2022,6/14/2022,68007,16314 Autumn Wind Dr,Houston,Texas,,,,false,,
zcrm_1781014000164187750,6/10/2022,6/10/2022,50218,3038 Tributary Ln,Royse City,Texas,,,,false,,
zcrm_1781014000164171868,6/10/2022,6/15/2022,169877,1522 Bay Berry Lane,Seabrook,Texas,,,,false,,
zcrm_1781014000164140713,6/10/2022,6/10/2022,326208,20806 National Dr,Lago Vista,Texas,,,,false,,
zcrm_1781014000164060769,6/10/2022,6/13/2022,105184,1123 Wynnwood Ln,Houston,Texas,,,,false,,
zcrm_1781014000164009606,6/10/2022,6/10/2022,165618,3830 Texas Hawthorn,San Antonio,Texas,,,,false,,
zcrm_1781014000164009060,6/10/2022,6/10/2022,1052,13844 Paddlewheel,Corpus Christi,Texas,,,,false,,
zcrm_1781014000163864671,6/10/2022,7/26/2022,9480,3521 Vista Circle,Grand Prairie,Texas,"Sep 16, 2022",,,false,,
zcrm_1781014000163839186,6/10/2022,6/16/2022,71753,2020 Cottontail Dr,Leander,Texas,"Sep 15, 2022",,,false,,
zcrm_1781014000163676160,6/9/2022,6/14/2022,81514,544 Pinecrest Dr,Pocono Pines,Pennsylvania,,,,false,,
zcrm_1781014000163676134,6/9/2022,6/29/2022,7505,1206 Bridgeway Lane,Allen,Texas,,,,false,,
zcrm_1781014000163454074,6/9/2022,6/9/2022,337752,842 Fuller St,Darby,Pennsylvania,,,,false,,
zcrm_1781014000163451302,6/9/2022,6/22/2022,51299,17917 Dansworth Dr,Pflugerville,Texas,"Sep 30, 2022",,,false,,
zcrm_1781014000163423774,6/9/2022,6/9/2022,110382,3249 N 13Th Street,Philadelphia,Pennsylvania,"Sep 26, 2022",,,false,,
zcrm_1781014000163346019,6/9/2022,6/12/2022,64902,36 Market Loop,Morgan's Point Resort City,Texas,,,,false,,
zcrm_1781014000163293345,6/9/2022,6/9/2022,205828,749 Red Bluff Ranch Rd,Pipe Creek,Texas,,,,false,,
zcrm_1781014000163226001,6/9/2022,6/11/2022,106325,525 Kaufman,Gilmer,Texas,,,,false,,
zcrm_1781014000163210608,6/9/2022,6/10/2022,4603,1710 Mapleleaf Drive,Wylie,Texas,,,,false,,
zcrm_1781014000163196022,6/9/2022,6/12/2022,234341,514 North Ave,Pittsburgh,Pennsylvania,"Oct 5, 2022",,,false,,
zcrm_1781014000163150310,6/9/2022,6/16/2022,1120,4331 FM RD 1694,Robstown,Texas,,,,false,,
zcrm_1781014000163137656,6/9/2022,6/13/2022,274225,116 Brickyard Ln,Jarrell,Texas,,,,false,,
zcrm_1781014000163130286,6/9/2022,6/9/2022,138892,100 Big Oak Lane,Georgetown,Texas,"Sep 15, 2022",,,false,,
zcrm_1781014000162893700,6/8/2022,6/10/2022,337302,813 Kevin Taylor Dr,Austin,Texas,,,,false,,
zcrm_1781014000162802892,6/8/2022,6/14/2022,5850,4115 Firstview Drive,Austin,Texas,,,,false,,
zcrm_1781014000162802887,6/8/2022,6/8/2022,337209,2706 Darwood Ct,Bryan,Texas,,,,false,,
zcrm_1781014000162798228,6/8/2022,6/9/2022,406,408 Estate Dr,Hutto,Texas,,,,false,,
zcrm_1781014000162796013,6/8/2022,7/20/2022,52889,1403 Saddlecreek Dr,Houston,Texas,,,,false,,
zcrm_1781014000162762442,6/8/2022,6/8/2022,132832,3251 Hillview Dr,Royse City,Texas,,,,false,,
zcrm_1781014000162750967,6/8/2022,6/8/2022,123866,117 Brookedale Dr,League City,Texas,,,,false,,
zcrm_1781014000162724589,6/8/2022,6/12/2022,78176,51 N Green Acres Circle,Akron,Pennsylvania,,,,false,,
zcrm_1781014000162705905,6/8/2022,6/8/2022,120273,912 Alta Drive,Fort Worth,Texas,,,,false,,
zcrm_1781014000162698737,6/8/2022,6/9/2022,133659,13617 Sun Dapple Ct,Manor,Texas,,,,false,,
zcrm_1781014000162610521,6/8/2022,6/8/2022,332568,15706 Park Center Way,Houston,Texas,"Sep 30, 2022",,,false,,
zcrm_1781014000162607083,6/8/2022,6/8/2022,5805,12300 Dwight Eisenhower,Manor,Texas,,,,false,,
zcrm_1781014000162582373,6/8/2022,6/8/2022,18099,13604 Starwreath Drive,Pearland,Texas,,,,false,,
zcrm_1781014000162578319,6/8/2022,6/22/2022,49810,1609 Corona Drive,Austin,Texas,,,,false,,
zcrm_1781014000162496444,6/8/2022,8/15/2022,273656,1508 E 23rd St,Odessa,Texas,,,,false,,
zcrm_1781014000162463966,6/8/2022,6/8/2022,4819,2700 Saratoga Dr.,Austin,Texas,,,,false,,
zcrm_1781014000162456736,6/8/2022,6/10/2022,ID:ebc3b6f7-086a-448e-8509-f9400fcf6e44,1108 South Hunters Glen Circle 73012,Edmond,Oklahoma,,,,false,,
zcrm_1781014000162387592,6/8/2022,6/8/2022,100630,4315 W Vasquez Circle,Converse,Texas,,,,false,,
zcrm_1781014000162385760,6/8/2022,6/8/2022,73450,2526 Branch Oaks,Garland,Texas,,,,false,,
zcrm_1781014000162362335,6/7/2022,6/7/2022,26875,2608 Cochran St,Houston,Texas,,,,false,,
zcrm_1781014000162359283,6/7/2022,6/8/2022,3554,26442 McDonald Rd,The Woodlands,Texas,,,,false,,
zcrm_1781014000162321108,6/7/2022,6/7/2022,21396,127 La Paloma Dr,Del Rio,Texas,,,,false,,
zcrm_1781014000162247349,6/7/2022,6/9/2022,244836,4227 SW 14th,Amarillo,Texas,,,,false,,
zcrm_1781014000162242205,6/7/2022,6/7/2022,336420,3910 Redell Rd.,Baytown,Texas,,,,false,,
zcrm_1781014000162233942,6/7/2022,6/8/2022,59015,106 N Savanna Dr,Rhome,Texas,,,,false,,
zcrm_1781014000162222188,6/7/2022,6/27/2022,21446,7540 County Road 963,Nevada,Texas,,,,false,,
zcrm_1781014000162208310,6/7/2022,6/7/2022,ID:2bf88870-154b-427d-b102-a92b49faca11,123 Astronaut Ellison S Onizuka Street 90012,Los Angeles,California,,,,false,,
zcrm_1781014000162147009,6/7/2022,6/15/2022,244836,3401 S Lamar,Amarillo,Texas,,,,false,,
zcrm_1781014000162128599,6/7/2022,6/7/2022,106889,3937 Legend Pond,New Braunfels,Texas,,,,false,,
zcrm_1781014000162128416,6/7/2022,6/7/2022,178419,627 Paseo del Plata,Temple,Texas,,,,false,,
zcrm_1781014000162097998,6/7/2022,6/8/2022,65158,2001 N. Rainbow Ranch Rd.,Wimberley,Texas,,,,false,,
zcrm_1781014000162085364,6/7/2022,6/7/2022,68255,6160 Eckhert Road 1005,San Antonio,Texas,,,,false,,
zcrm_1781014000162076470,6/7/2022,6/7/2022,178419,620 Paseo del Plata,Temple,Texas,,,,false,,
zcrm_1781014000162016183,6/7/2022,6/15/2022,112012,445 Bobbe Ln,Blanco,Texas,,,,false,,
zcrm_1781014000161979795,6/6/2022,6/8/2022,13105,13281 Bluff Ridge Trl,Canyon,Texas,,,,false,,
zcrm_1781014000161957342,6/6/2022,6/8/2022,230236,2307 Modoc,Harker Heights,Texas,,,,false,,
zcrm_1781014000161955364,6/6/2022,6/6/2022,18867,8211 Snowdeal Lane,San Antonio,Texas,,,,false,,
zcrm_1781014000161953354,6/6/2022,9/14/2022,22780,3509 Tilmon Lane,Austin,Texas,,,,false,,
zcrm_1781014000161952626,6/6/2022,6/6/2022,209136,952 Winton St,Philadelphia,Pennsylvania,,,,false,,
zcrm_1781014000161938533,6/6/2022,6/6/2022,60529,112 Peggy Cove,Liberty HIll,Texas,,,,false,,
zcrm_1781014000161937759,6/6/2022,6/6/2022,197354,1980 County Road 3040,Bonham,Texas,,,,false,,
zcrm_1781014000161937223,6/6/2022,6/12/2022,335581,3105 Vineyard,tyler,Texas,,,,false,,
zcrm_1781014000161934974,6/6/2022,6/11/2022,79937,113 Mifflin St,Homestead,Pennsylvania,"Oct 13, 2022",,,false,,
zcrm_1781014000161933637,6/6/2022,6/21/2022,38093,8110 Furness Drive,Austin,Texas,"Sep 16, 2022",,,false,,
zcrm_1781014000161903126,6/6/2022,6/7/2022,4796,1552 W HUISACHE AVE,SAN ANTONIO,Texas,,,,false,,
zcrm_1781014000161898860,6/6/2022,6/6/2022,44702,11327 Fish Springs,San Antonio,Texas,,,,false,,
zcrm_1781014000161895975,6/6/2022,6/7/2022,203284,4173 Ridge Avenue,Philadelphia,Pennsylvania,,,,false,,
zcrm_1781014000161894002,6/6/2022,6/9/2022,21211,1017 Dyer Crossing Way,Round Rock,Texas,,,,false,,
zcrm_1781014000161892723,6/6/2022,7/21/2022,28608,1404 Haskell St. #2,Austin,Texas,,,,false,,
zcrm_1781014000161892595,6/6/2022,6/20/2022,40350,TBD County Road 134,Celina,Texas,,,,false,,
zcrm_1781014000161890052,6/6/2022,7/18/2022,118938,13483 Lyndhurst Drive,Frisco,Texas,,,,false,,
zcrm_1781014000161888083,6/6/2022,6/6/2022,193516,638 Shaw Road,Fayetteville,North Carolina,,,,false,,
zcrm_1781014000161880706,6/6/2022,6/13/2022,20886,107 S 4th St,Midlothian,Texas,"Sep 9, 2022",,,false,,
zcrm_1781014000161876445,6/6/2022,6/7/2022,,4653 Corktree Ln.,Crowley,,,,,false,,
zcrm_1781014000161875677,6/6/2022,6/6/2022,48468,11812 Monterroso,Austin,Texas,,,,false,,
zcrm_1781014000161874599,6/6/2022,6/9/2022,73296,9035 Bowring Park,Converse,Texas,,,,false,,
zcrm_1781014000161869789,6/6/2022,6/7/2022,18867,326 Whisper Wood Lane,San Antonio,Texas,,,,false,,
zcrm_1781014000161854147,6/6/2022,6/6/2022,5127,5612 Grand Ranch Dr,Joshua,Texas,,,,false,,
zcrm_1781014000161849698,6/6/2022,6/6/2022,2740,420 Happy Trail,Shavano Park,Texas,,,,false,,
zcrm_1781014000161848594,6/6/2022,6/25/2022,20805,4931 Water Oak Dr,Grand Prairie,Texas,,,,false,,
zcrm_1781014000161845719,6/6/2022,6/8/2022,29788,6608 Shady Creek Circle,Plano,Texas,,,,false,,
zcrm_1781014000161844009,6/6/2022,6/6/2022,287633,681 Copenhavr St,Pilot Point,Texas,,,,false,,
zcrm_1781014000161843345,6/6/2022,6/13/2022,73296,1667 Spice Spg,San Antonio,Texas,,,,false,,
zcrm_1781014000161841183,6/6/2022,7/14/2022,5585,4349 Green Tree Drive,Round Rock,Texas,,,,false,,
zcrm_1781014000161709859,6/6/2022,6/6/2022,181181,1974 Augusta Dr.,Houston,Texas,,,,false,,
zcrm_1781014000161645251,6/5/2022,6/7/2022,249297,17831 Torregon Ln,Humble,Texas,,,,false,,
zcrm_1781014000161625470,6/5/2022,6/22/2022,77200,2208 N Cleveland Street,Philadelphia,Pennsylvania,,,,false,,
zcrm_1781014000161565436,6/4/2022,6/5/2022,225954,430 Palmetto St,Corpus Christi,Texas,,,,false,,
zcrm_1781014000161562292,6/4/2022,6/12/2022,298896,244 Silverbell Ct.,West Chester,Pennsylvania,,,,false,,
zcrm_1781014000161537329,6/4/2022,6/11/2022,198335,510 Old Sawmill Road,Axtell,Texas,,,,false,,
zcrm_1781014000161524962,6/4/2022,6/18/2022,586,2611 Eisenhower Road #1306,San Antonio,Texas,,,,false,,
zcrm_1781014000161485922,6/4/2022,6/5/2022,ID:607be12e-377e-4d44-a8ff-a0e564280b49,1739 Broomwood Dr 92582,San Jacinto,California,,,,false,,
zcrm_1781014000161484287,6/3/2022,7/1/2022,262993,116 S Hoopkins St,Sayre,Pennsylvania,,,,false,,
zcrm_1781014000161460076,6/3/2022,6/15/2022,22780,13713 Sherri Berry Way,Manor,Texas,,,,false,,
zcrm_1781014000161438874,6/3/2022,6/8/2022,84586,81 Russell Road,Montrose,Pennsylvania,,,,false,,
zcrm_1781014000161430597,6/3/2022,6/3/2022,80090,2586 Brookdale Rd,Scotrun,Pennsylvania,,,,false,,
zcrm_1781014000161428371,6/3/2022,6/8/2022,15153,9202 Godstone Lane,Spring,Texas,,,,false,,
zcrm_1781014000161428138,6/3/2022,6/3/2022,122558,1806 Greenway,Gilmer,Texas,,,,false,,
zcrm_1781014000161417941,6/3/2022,6/3/2022,161313,504 Brittany Wood Cv,Liberty Hill,Texas,"Sep 6, 2022",,,false,,
zcrm_1781014000161417872,6/3/2022,6/14/2022,183600,3307 Willett Way,San Antonio,Texas,,,,false,,
zcrm_1781014000161393565,6/3/2022,6/6/2022,232384,4804 Hoffman St,Houston,Texas,,,,false,,
zcrm_1781014000161392067,6/3/2022,6/6/2022,144907,6705 Langston Drive,Austin,Texas,"Sep 12, 2022",,,false,,
zcrm_1781014000161391454,6/3/2022,6/3/2022,4213,1131 Golden Sunset Court,Prosper,Texas,,,,false,,
zcrm_1781014000161390063,6/3/2022,6/3/2022,5602,213 Winding Hollow Drive,Georgetown,Texas,,,,false,,
zcrm_1781014000161385643,6/3/2022,6/3/2022,33273,712 LCR 456,Groesbeck,Texas,,,,false,,
zcrm_1781014000161236030,6/2/2022,6/3/2022,ID:d4389fa6-ca67-4980-aee4-d78074276fe6,255 Easy Street #12 94043,Mountain View,California,,,,false,,
zcrm_1781014000161216055,6/2/2022,6/3/2022,93144,68 Lavender Dr,Yardley,Pennsylvania,,,,false,,
zcrm_1781014000161164465,6/2/2022,6/3/2022,334737,1217 Connecticut Ave,Aliquippa,Pennsylvania,,,,false,,
zcrm_1781014000161154624,6/2/2022,6/21/2022,62292,2204 Still Water Ct,Southlake,Texas,,,,false,,
zcrm_1781014000161146902,6/2/2022,6/2/2022,114488,219 Loesch Drive,Elgin,Texas,,,,false,,
zcrm_1781014000161143167,6/2/2022,6/9/2022,ID:4ee14a3f-980e-4559-860a-f757bad17e38,1480 Riley Avenue 89502,Reno,Nevada,,,,false,,
zcrm_1781014000161141187,6/2/2022,6/17/2022,1603,105 Sheraton Dr,San Antonio,Texas,,,,false,,
zcrm_1781014000161138422,6/2/2022,6/2/2022,278183,104 Pineneedle Ct,Lackawaxen,Pennsylvania,,,,false,,
zcrm_1781014000161104009,6/2/2022,6/2/2022,165700,103 Cozby St. S.,Benbrook,Texas,,,,false,,
zcrm_1781014000161101738,6/2/2022,6/2/2022,200061,1421 Sandalwood ln,Odessa,Texas,,,,false,,
zcrm_1781014000161100761,6/2/2022,6/3/2022,206470,2219 Cedar Elm Terrace,Westlake,Texas,,,,false,,
zcrm_1781014000161091725,6/2/2022,6/2/2022,9172,5504 Normandy Drive,Colleyville,Texas,,,,false,,
zcrm_1781014000161079094,6/2/2022,6/4/2022,84921,278 Sellersville Dr.,East Stroudsburg,Pennsylvania,,,,false,,
zcrm_1781014000161052822,6/2/2022,6/2/2022,3765,200 Lansdowne Ter,Tyler,Texas,,,,false,,
zcrm_1781014000161033334,6/2/2022,6/2/2022,34111,231 Dirks Drive,Wichita Falls,Texas,,,,false,,
zcrm_1781014000161015504,6/2/2022,8/11/2022,157173,289 Congress Ave,Lansdowne,Pennsylvania,,,,false,,
zcrm_1781014000161015275,6/2/2022,6/3/2022,3308,"1207 Village Dr, #1207",San Antonio,Texas,,,,false,,
zcrm_1781014000160997341,6/2/2022,6/6/2022,107042,13104 Sten Bergman Dr,Manchaca,Texas,,,,false,,
zcrm_1781014000160957501,6/1/2022,6/3/2022,166600,4206 McFarland Cir,ORANGE,Texas,,,,false,,
zcrm_1781014000160950544,6/1/2022,6/2/2022,236367,421 Hollyberry Dr,Mansfield,Texas,,,,false,,
zcrm_1781014000160948302,6/1/2022,7/27/2022,7505,6424 County Road 176,Stephenville,Texas,,,,false,,
zcrm_1781014000160930349,6/1/2022,6/1/2022,3554,39 Firefall Ct,The Woodlands,Texas,,,,false,,
zcrm_1781014000160924801,6/1/2022,6/2/2022,292290,15311 Wyndham Hill Dr.,Houston,Texas,,,,true,,
zcrm_1781014000160923673,6/1/2022,6/2/2022,11918,5127 Green Leaf Lane,Fulshear,Texas,,,,false,,
zcrm_1781014000160921388,6/1/2022,6/4/2022,29735,9128 Cranston Ct,Aubrey,Texas,,,,false,,
zcrm_1781014000160917762,6/1/2022,6/14/2022,5493,3312 Harpers Ferry,Austin,Texas,,,,false,,
zcrm_1781014000160909330,6/1/2022,6/2/2022,9480,200 Parker Road,Van Alstyne,Texas,"Oct 17, 2022",,,false,,
zcrm_1781014000160870419,6/1/2022,6/9/2022,115921,8002 Coyote Ridge,Austin,Texas,,,,false,,
zcrm_1781014000160869588,6/1/2022,6/7/2022,17370,7923 Summerfern Ct,Cypress,Texas,,,,false,,
zcrm_1781014000160868374,6/1/2022,6/1/2022,48481,4429 Mirador Dr,Austin,Texas,,,,false,,
zcrm_1781014000160867049,6/1/2022,6/1/2022,333959,347 W Philadelphia St,York,Pennsylvania,"Oct 11, 2022",,,false,,
zcrm_1781014000160864148,6/1/2022,6/1/2022,541,304 Tomahawk Trail,San Antonio,Texas,,,,false,,
zcrm_1781014000160757583,6/1/2022,6/1/2022,122999,3023 Bahar Drive,Arlington,Texas,,,,false,,
zcrm_1781014000160748763,6/1/2022,6/2/2022,122215,2031 Pierce St,High Island,Texas,,,,false,,
zcrm_1781014000160743731,6/1/2022,6/4/2022,169489,3023 Bahar Drive,Arlington,Texas,,,,false,,
zcrm_1781014000160553475,5/31/2022,5/31/2022,333820,22035 Jay Dr,Spring,Texas,,,,false,,
zcrm_1781014000160543577,5/31/2022,6/1/2022,83514,3190 Carobeth Drive Lot 194 Sec C,Tobyhanna,Pennsylvania,,,,false,,
zcrm_1781014000160531556,5/31/2022,6/1/2022,4732,5438 Belmont Ave,Dallas,Texas,,,,false,,
zcrm_1781014000160498397,5/31/2022,6/1/2022,159936,2078 Riverview Rd,Lincolnton,North Carolina,"Sep 30, 2022",,,false,,
zcrm_1781014000160498357,5/31/2022,5/31/2022,200152,11012 Fonso Lane,Austin,Texas,,,,false,,
zcrm_1781014000160479796,5/31/2022,5/31/2022,59168,2033 Stonecourt Drive,Bedford,Texas,,,,false,,
zcrm_1781014000160473528,5/31/2022,6/1/2022,29500,24522 State Hwy 78,Blue Ridge,Texas,"Sep 16, 2022",,,false,,
zcrm_1781014000160466350,5/31/2022,5/31/2022,,813 W Live Oak Circle,Galveston,,,,,false,,
zcrm_1781014000160465357,5/31/2022,6/3/2022,112579,1959 Pillard Summit,San Antonio,Texas,,,,false,,
zcrm_1781014000160431784,5/31/2022,6/2/2022,211828,145 Seneca Trail,Dingmans Ferry,Pennsylvania,,,,false,,
zcrm_1781014000160351818,5/31/2022,6/4/2022,196535,2201 Harvest Hill Drive,Denton,Texas,,,,false,,
zcrm_1781014000160351674,5/31/2022,6/3/2022,246542,96 Dilworthtown Rd,Thornton,Pennsylvania,,,,false,,
zcrm_1781014000160340937,5/31/2022,6/1/2022,130703,10224 Benwick Dr,McKinney,Texas,,,,false,,
zcrm_1781014000160331965,5/31/2022,5/31/2022,311037,1401 Hunting Ridge Rd,Raleigh,North Carolina,,,,false,,
zcrm_1781014000160295108,5/30/2022,6/9/2022,66684,2930 Mars Dr,Garland,Texas,,,,false,,
zcrm_1781014000160208808,5/30/2022,5/30/2022,216245,12333 Hudson Drive,ALVARADO,Texas,,,,false,,
zcrm_1781014000160106971,5/29/2022,8/22/2022,,2655 Avenue D.,Beaumont,,,,,false,,
zcrm_1781014000160095998,5/29/2022,5/29/2022,120286,4651 Blue Sage Ct,Fort Worth,Texas,,,,false,,
zcrm_1781014000160075599,5/29/2022,9/6/2022,332973,318 W Lincoln St,Easton,Pennsylvania,,,,false,,
zcrm_1781014000159990660,5/28/2022,5/28/2022,208617,624 Foxhall St.,Jacksboro,Texas,,,,false,,
zcrm_1781014000159965168,5/27/2022,5/28/2022,172391,6026 SCHAUMBURD DR,SPRING,Texas,,,,false,,
zcrm_1781014000159943665,5/27/2022,6/5/2022,ID:d175fbc5-991f-44a7-94c0-3e8c93edd477,150 Vicente Road 94705,Berkeley,California,,,,false,,
zcrm_1781014000159866297,5/27/2022,5/27/2022,643,9810 Scenic Hills,San Antonio,Texas,,,,false,,
zcrm_1781014000159826579,5/27/2022,5/27/2022,220623,Tammy Horton,3918 Lake Star Dr.,Texas,,,,false,,
zcrm_1781014000159788386,5/27/2022,5/27/2022,143848,11111 Dunlap,Houston,Texas,,,,false,,
zcrm_1781014000159769553,5/27/2022,5/31/2022,190774,555 Tryson Ln,Bridge City,Texas,,,,false,,
zcrm_1781014000159761123,5/27/2022,5/31/2022,213860,7225 NC Highway 62,Trinity,North Carolina,,,,false,,
zcrm_1781014000159757485,5/27/2022,5/27/2022,196880,1617 Woodhill Dr,Round Rock,Texas,,,,false,,
zcrm_1781014000159635860,5/27/2022,7/10/2022,117302,243 Brown Ave,Turtle Creek,Pennsylvania,,,,false,,
zcrm_1781014000159625766,5/27/2022,7/10/2022,117302,58 Somerset st,Pittsburgh,Pennsylvania,,,,false,,
zcrm_1781014000159625761,5/27/2022,7/8/2022,117302,3542 California Ave,Pittsburgh,Pennsylvania,,,,false,,
zcrm_1781014000159623240,5/27/2022,5/27/2022,68098,115 Sendera Way,Canyon Lake,Texas,,,,false,,
zcrm_1781014000159600191,5/26/2022,5/26/2022,74533,4400 Appleby Place,College Station,Texas,,,,false,,
zcrm_1781014000159585635,5/26/2022,6/2/2022,330977,103 County Road 180 #2,Cedar Park,Texas,,,,false,,
zcrm_1781014000159580767,5/26/2022,8/29/2022,,5407 Lavaca Rd,Grand Prairie,,,,,false,,
zcrm_1781014000159577796,5/26/2022,6/17/2022,58012,116 Mindy Way,Liberty Hill,Texas,,,,false,,
zcrm_1781014000159516474,5/26/2022,5/29/2022,1007,1645 SE 3001,Andrews,Texas,,,,false,,
zcrm_1781014000159516134,5/26/2022,5/26/2022,ID:fe2e5d12-2a1d-49fa-8a5f-95cab943cc94,154 Walnut Hill 74728,Broken Bow,Oklahoma,,,,false,,
zcrm_1781014000159445194,5/26/2022,5/26/2022,164963,5615 Quail Lane,Arlington,Texas,"Sep 1, 2022",,,false,,
zcrm_1781014000159440378,5/26/2022,5/26/2022,58478,1027 Oxfordshire Drive,Carrollton,Texas,"Sep 16, 2022",,,false,,
zcrm_1781014000159429239,5/26/2022,5/26/2022,272,6607 Ambrose Circle,Temple,Texas,,,,false,,
zcrm_1781014000159422994,5/26/2022,5/27/2022,62274,16250 Audrey Ln,Arp,Texas,,,,false,,
zcrm_1781014000159422561,5/26/2022,5/26/2022,ID:cb8496f4-3160-4dd8-8044-60b33b4a31f3,1628 Manhattan Ave 90254,Hermosa Beach,California,,,,false,,
zcrm_1781014000159312708,5/26/2022,8/16/2022,46200,1524 Milmo,Ft Worth,Texas,,,,false,,
zcrm_1781014000159293548,5/26/2022,5/26/2022,7375,4060 Richardson St.,Malakoff,Texas,,,,false,,
zcrm_1781014000159267545,5/26/2022,5/26/2022,119024,5608 Fairfax Drive,Frisco,Texas,,,,false,,
zcrm_1781014000159238234,5/26/2022,5/26/2022,303760,212 Virginia Ave,Shenandoah,Pennsylvania,,,,false,,
zcrm_1781014000159181928,5/25/2022,5/26/2022,36612,218 Chimney Rock Rd,Houston,Texas,,,,false,,
zcrm_1781014000159136141,5/25/2022,6/2/2022,3363,2609 Grant Ave,El Paso,Texas,"Sep 16, 2022",,,false,,
zcrm_1781014000159134744,5/25/2022,6/1/2022,23042,315 Silent Spring Drive,Cedar Park,Texas,,,,false,,
zcrm_1781014000159130518,5/25/2022,5/25/2022,205378,410 W 26th St,Wilmington,Delaware,,,,false,,
zcrm_1781014000159125509,5/25/2022,6/7/2022,205378,2415 N Madison St,Wilmington,Delaware,,,,false,,
zcrm_1781014000159110285,5/25/2022,5/31/2022,113577,8005 Flintlock Circle,Lago Vista,Texas,,,,false,,
zcrm_1781014000159095805,5/25/2022,5/25/2022,330413,592 Covington Cir,Calabash,North Carolina,,,,false,,
zcrm_1781014000159088375,5/25/2022,5/26/2022,79542,349 S 47th Street #A310,Philadelphia,Pennsylvania,,,,false,,
zcrm_1781014000159085205,5/25/2022,5/25/2022,66150,1832 Phillips Springs,Gladewater,Texas,,,,false,,
zcrm_1781014000159079765,5/25/2022,5/27/2022,3216,2054 Western Pecan,New Braunfels,Texas,,,,false,,
zcrm_1781014000159076857,5/25/2022,5/26/2022,21689,8932 W Hove Loop,Austin,Texas,,,,false,,
zcrm_1781014000159075247,5/25/2022,5/27/2022,306341,884 Dobson's Knob Loop,Marion,North Carolina,,,,false,,
zcrm_1781014000159060820,5/25/2022,6/1/2022,71753,20000 Woodrow Wilson,Manor,Texas,,,,false,,
zcrm_1781014000159052309,5/25/2022,9/10/2022,326635,"43 S Victoriana Circle, Spring 77389",Spring,Texas,,,,false,,
zcrm_1781014000158875531,5/24/2022,5/27/2022,203029,418 CR 530,Eastland,Texas,,,,false,,
zcrm_1781014000158870201,5/24/2022,5/25/2022,109318,704 Love Henry Court,Southlake,Texas,,,,false,,
zcrm_1781014000158864065,5/24/2022,5/25/2022,66316,914 Leach St.,Kilgore,Texas,,,,false,,
zcrm_1781014000158861842,5/24/2022,5/26/2022,44010,13019 Amarillo Ave.,Austin,Texas,,,,false,,
zcrm_1781014000158837142,5/24/2022,7/15/2022,171311,113 S Spike Road,Corsicana,Texas,,,,false,,
zcrm_1781014000158836532,5/24/2022,7/13/2022,3216,2131 Carlisle Castle Drive,New Braunfels,Texas,,,,false,,
zcrm_1781014000158833616,5/24/2022,5/24/2022,224688,1620 Travis Street,Columbus,Texas,,,,false,,
zcrm_1781014000158796510,5/24/2022,5/24/2022,187136,16760 County Road 4225,Frankston,Texas,,,,false,,
zcrm_1781014000158795075,5/24/2022,5/24/2022,161364,1206 Huntington Cove Ct.,Granbury,Texas,,,,false,,
zcrm_1781014000158794431,5/24/2022,6/1/2022,157709,710 S Wilson Valley Dr,Little River- Academy,Texas,,,,false,,
zcrm_1781014000158728958,5/24/2022,5/24/2022,328998,909 Brentview Rd,Pittsburgh,Pennsylvania,,,,false,,
zcrm_1781014000158702344,5/24/2022,5/26/2022,40390,1111 Twin Harbors Drive,Frsico,Texas,,,,false,,
zcrm_1781014000158669795,5/24/2022,5/24/2022,34171,12720 Rush Creek Lane,Austin,Texas,,,,false,,
zcrm_1781014000158594331,5/24/2022,5/27/2022,174185,17108 Lathrop,Pflugerville,Texas,,,,false,,
zcrm_1781014000158534752,5/24/2022,5/27/2022,10070,6110 Luckey Run,San Antonio,Texas,,,,false,,
zcrm_1781014000158473186,5/23/2022,5/24/2022,4725,4314 Cibolo Creek Trail,Prosper,Texas,,,,false,,
zcrm_1781014000158450470,5/23/2022,6/6/2022,1160,2091 SE 2700,Andrews,Texas,,,,false,,
zcrm_1781014000158434171,5/23/2022,5/24/2022,134486,1213 Casselberry Drive,Flower Mound,Texas,,,,false,,
zcrm_1781014000158418605,5/23/2022,5/30/2022,72899,301 CR 439,Stockdale,Texas,,,,false,,
zcrm_1781014000158415431,5/23/2022,5/24/2022,227931,1 Brecknock Ct,Newtown,Pennsylvania,,,,false,,
zcrm_1781014000158405300,5/23/2022,5/23/2022,1725,5011 Teall Falls,San Antonio,Texas,,,,false,,
zcrm_1781014000158398620,5/23/2022,5/27/2022,33346,16 Wide Canyon Dr.,Wimberley,Texas,"Sep 16, 2022",,,false,,
zcrm_1781014000158380176,5/23/2022,5/31/2022,330053,268 Lakeside Hills Dr,Montgomery,Texas,,,,false,,
zcrm_1781014000158367554,5/23/2022,6/22/2022,52430,23115 San Nicholas Pl.,Katy,Texas,,,,false,,
zcrm_1781014000158331036,5/23/2022,5/23/2022,80099,1218 Daly Street,Philadelphia,Pennsylvania,,,,false,,
zcrm_1781014000158327898,5/23/2022,6/17/2022,215072,5631 Lynbrook Drive,Houston,Texas,,,,false,,
zcrm_1781014000158326380,5/23/2022,5/27/2022,38487,5703 Champions Drive,Midland,Texas,,,,false,,
zcrm_1781014000158326032,5/23/2022,5/23/2022,163096,1410 Edwards St,Houston,Texas,,,,false,,
zcrm_1781014000158249016,5/23/2022,8/6/2022,46200,15324 Milmo,Ft Worth,Texas,,,,false,,
zcrm_1781014000158195578,5/23/2022,5/23/2022,99109,510 Cemetery Road,Little Meadows,Pennsylvania,,,,false,,
zcrm_1781014000158145925,5/22/2022,5/22/2022,276029,416 William St,Pittsburgh we,Pennsylvania,,,,false,,
zcrm_1781014000158144458,5/22/2022,6/21/2022,182127,250 CR 4380,Winnsboro,Texas,,,,false,,
zcrm_1781014000158109106,5/21/2022,5/21/2022,316359,445 Main St,Harleysville,Pennsylvania,,,,false,,
zcrm_1781014000158107743,5/22/2022,5/22/2022,45966,1601 Onion Creek Village Dr,Round Rock,Texas,,,,false,,
zcrm_1781014000158101368,5/21/2022,5/22/2022,231795,4000 Rehel Dr,College Station,Texas,"Jul 12, 2022",,,true,,
zcrm_1781014000158079377,5/21/2022,5/21/2022,264745,1904 N 18TH ST,KILLEEN,Texas,,,,false,,
zcrm_1781014000158039120,5/21/2022,6/13/2022,119786,5827 Waggoner Drive,Dallas,Texas,,,,false,,
zcrm_1781014000158021921,5/21/2022,5/24/2022,155621,1056 Neola Church Rd,Stroudsburg,Pennsylvania,,,,false,,
zcrm_1781014000157995061,5/20/2022,5/20/2022,73745,998 CR 3190,Colmesneil,Texas,,,,false,,
zcrm_1781014000157993893,5/20/2022,7/28/2022,54121,12 Rock Pine Ct.,Spring,Texas,"Sep 29, 2022",,,false,,
zcrm_1781014000157987560,5/20/2022,5/31/2022,63012,226 Freeman,Winnie,Texas,,,,false,,
zcrm_1781014000157965880,5/20/2022,5/22/2022,247123,1110 Saint Andrews Rd,Kingwood,Texas,,,,false,,
zcrm_1781014000157960957,5/20/2022,5/21/2022,21717,112705 Little Blue Stem Cove,Austin,Texas,,,,false,,
zcrm_1781014000157949440,5/20/2022,8/11/2022,70017,17106 Fable Springs Road,Cypress,Texas,,,,false,,
zcrm_1781014000157944807,5/20/2022,5/20/2022,197430,310 Equine Ln,Celina,Texas,"Sep 26, 2022",,,false,,
zcrm_1781014000157921299,5/20/2022,5/20/2022,309778,2806 Colonial,Dickinson,Texas,,,,false,,
zcrm_1781014000157911428,5/20/2022,5/20/2022,43371,842 BIG WATER TRAIL,ABILENE,Texas,,,,false,,
zcrm_1781014000157791783,5/20/2022,5/20/2022,48591,119 Post Oak Way,San Antonio,Texas,,,,false,,
zcrm_1781014000157696480,5/19/2022,8/1/2022,43491,481 Ganymede Dr.,Austin,Texas,,,,false,,
zcrm_1781014000157690892,5/19/2022,6/20/2022,199350,8532 lakeview drive,cleburne,Texas,,,,false,,
zcrm_1781014000157690792,5/19/2022,5/19/2022,51007,2061 Woodhaven,Prosper,Texas,,,,false,,
zcrm_1781014000157690499,5/19/2022,5/19/2022,100679,1802 Liberty Oaks Blvd,Cedar Park,Texas,,,,false,,
zcrm_1781014000157687122,5/19/2022,5/20/2022,46873,701 Polo Club Dr,Austin,Texas,,,,false,,
zcrm_1781014000157671989,5/19/2022,5/19/2022,47581,1373 Fairview Dr.,Rockdale,Texas,,,,false,,
zcrm_1781014000157665562,5/19/2022,5/24/2022,3554,308 Lazy Pine Ct,Conroe,Texas,,,,false,,
zcrm_1781014000157657757,5/19/2022,6/1/2022,,1516 West San Antonio Street,Lockhart,,,,,false,,
zcrm_1781014000157656879,5/19/2022,5/19/2022,248527,1312 Leisure Lane,DeSoto,Texas,,,,false,,
zcrm_1781014000157652329,5/19/2022,5/19/2022,81614,202 Western Ave,Towanda,Pennsylvania,,,,false,,
zcrm_1781014000157551671,5/19/2022,5/19/2022,143848,1720 W Lake,Taylor,Texas,"Sep 26, 2022",,,false,,
zcrm_1781014000157365571,5/19/2022,5/19/2022,283886,2311 Little Turtle Lane,Harker Heights,Texas,,,,false,,
zcrm_1781014000157189326,5/18/2022,5/26/2022,161338,501 E 14th Ave.,Belton,Texas,,,,false,,
zcrm_1781014000157153855,5/18/2022,5/19/2022,113184,603 County Road 18,Damon,Texas,,,,false,,
zcrm_1781014000157144982,5/18/2022,5/23/2022,157196,432 Leiper St,Media,Pennsylvania,,,,false,,
zcrm_1781014000157141598,5/18/2022,5/18/2022,308606,1709 Althea Dr,Houston,Texas,,,,false,,
zcrm_1781014000157141325,5/18/2022,5/20/2022,17370,8306 Rose Petals Ln,Rosharon,Texas,"Jul 20, 2022",,,false,,
zcrm_1781014000157122657,5/18/2022,5/18/2022,89494,1067 Seven Nations Drive,Tobyhanna,Pennsylvania,,,,false,,
zcrm_1781014000157110986,5/18/2022,5/22/2022,111956,151 Alum Crk E,Smithville,Texas,,,,false,,
zcrm_1781014000157110656,5/18/2022,5/18/2022,328202,1617 Point drive,Bensalem,Pennsylvania,,,,false,,
zcrm_1781014000157110549,5/18/2022,5/19/2022,196625,17804 Bridgefarmer Blvd.,Pflugerville,Texas,,,,false,,
zcrm_1781014000157109285,5/18/2022,5/18/2022,312276,2108 East County Road 140,Midland,Texas,"Sep 22, 2022",,,false,,
zcrm_1781014000157089486,5/18/2022,5/19/2022,51471,6409 Risinghill Drive,Dallas,Texas,,,,false,,
zcrm_1781014000157088702,5/18/2022,5/18/2022,279348,8122 Cloud Trail,San Antonio,Texas,,,,false,,
zcrm_1781014000157078985,5/18/2022,6/23/2022,121004,8729 Domingo Drive,Plano,Texas,,,,false,,
zcrm_1781014000157075043,5/18/2022,5/18/2022,65960,825 Grubbs Rd,Seally,Texas,,,,false,,
zcrm_1781014000157073985,5/18/2022,5/18/2022,11164,674 County Rd 232,Nacogdoches,Texas,,,,false,,
zcrm_1781014000157069756,5/18/2022,5/19/2022,13957,TBD County Road 4691,WALLER,Texas,,,,false,,
zcrm_1781014000157066847,5/18/2022,5/18/2022,328391,1714 Ealge Point Rd.,Crosby,Texas,,,,false,,
zcrm_1781014000157051423,5/18/2022,5/18/2022,264704,1023 W Gramercy,San Antonio,Texas,,,,false,,
zcrm_1781014000157050736,5/18/2022,9/7/2022,1191,1206 Silverton Dr,Midland,Texas,"Jul 6, 2022",,,false,,
zcrm_1781014000157049242,5/18/2022,5/19/2022,5176,106 Mildred LN,Fort Worth,Texas,,,,false,,
zcrm_1781014000157038281,5/18/2022,5/23/2022,34171,1008 Lakewood Hill Terrace,Austin,Texas,,,,false,,
zcrm_1781014000156750163,5/17/2022,6/1/2022,59545,7018 Wakefield St,Dallas,Texas,,,,false,,
zcrm_1781014000156742680,5/17/2022,5/18/2022,172596,12200 S FM 730,Azle,Texas,,,,false,,
zcrm_1781014000156728631,5/17/2022,5/30/2022,21540,1139 Gunter St #A,Austin,Texas,,,,false,,
zcrm_1781014000156692381,5/17/2022,5/18/2022,181553,730 York Court,Lewisville,Texas,,,,false,,
zcrm_1781014000156692107,5/17/2022,5/18/2022,52855,30731 North Cripple Creek Drive,Magnolia,Texas,,,,false,,
zcrm_1781014000156688969,5/17/2022,5/18/2022,112107,4127 Cypress Creek Dr,Spring,Texas,,,,false,,
zcrm_1781014000156666619,5/17/2022,5/18/2022,6138,2220 Canton Street #202,Dallas,Texas,"Sep 29, 2022",,,false,,
zcrm_1781014000156648872,5/17/2022,5/17/2022,61919,4102 San Angelo,Amarillo,Texas,,,,false,,
zcrm_1781014000156648599,5/17/2022,5/25/2022,7904,3412 S County Road 1185,Midland,Texas,,,,false,,
zcrm_1781014000156648421,5/17/2022,5/23/2022,34112,1451 Horseshoe Lake Rd,Iowa Park,Texas,,,,false,,
zcrm_1781014000156642839,5/17/2022,5/18/2022,352,4803 Fordham,Lubock,Texas,,,,false,,
zcrm_1781014000156619051,5/17/2022,5/21/2022,5727,8613 Ken Aaron Ct,Austin,Texas,,,,false,,
zcrm_1781014000156614510,5/17/2022,5/18/2022,52944,12949 Lake Parc Bend,Cypress,Texas,,,,false,,
zcrm_1781014000156611030,5/17/2022,5/18/2022,327232,14808 Tierra Escape Ave,El Paso,Texas,,,,false,,
zcrm_1781014000156530665,5/17/2022,5/19/2022,47323,3503 Govalle Ave,Austin,Texas,,,,false,,
zcrm_1781014000156499938,5/17/2022,5/25/2022,119826,487 Oak Hills Lane,Fate,Texas,,,,false,,
zcrm_1781014000156424771,5/17/2022,5/19/2022,9480,2600 Ashcroft Lane,Plano,Texas,"Sep 19, 2022",,,false,,
zcrm_1781014000156403231,5/16/2022,5/26/2022,115306,6920 Bryn Mawr,Austin,Texas,,,,false,,
zcrm_1781014000156398727,5/17/2022,5/17/2022,ID:c7dc155b-a0cb-4d31-bc3d-1e23feab52a0,275 Redlands Street 90293,Playa del Rey,California,,,,false,,
zcrm_1781014000156391384,5/16/2022,5/25/2022,262345,154 Cottonwood Drive,Princeton,Texas,"Sep 23, 2022",,,false,,
zcrm_1781014000156375386,5/16/2022,5/18/2022,263631,1405 Thornton Road,Huntington,Texas,,,,false,,
zcrm_1781014000156352328,5/16/2022,5/18/2022,32454,4704 SCR 1200,Midland,Texas,,,,false,,
zcrm_1781014000156337031,5/16/2022,5/16/2022,109318,6705 Parkwood Dr,North Richland Hills,Texas,,,,false,,
zcrm_1781014000156335494,5/16/2022,5/19/2022,208286,23206 Kobi Park Ct,Spring,Texas,,,,false,,
zcrm_1781014000156292853,5/16/2022,5/16/2022,20803,605 Camden Court,Euless,Texas,,,,false,,
zcrm_1781014000156292472,5/16/2022,8/23/2022,29963,2805 Bonnie,Austin,Texas,,,,false,,
zcrm_1781014000156272750,5/16/2022,6/15/2022,48442,8922 McMeans Trl,Austin,Texas,,,,false,,
zcrm_1781014000156264384,5/16/2022,5/19/2022,95122,14086 US 322,Brookville,Pennsylvania,,,,false,,
zcrm_1781014000156145177,5/16/2022,5/16/2022,ID:2b4ecf22-c5fb-4249-85bf-2ff5ef37a943,12123 South Granite Avenue 74137,Tulsa,Oklahoma,,,,false,,
zcrm_1781014000156138692,5/16/2022,5/16/2022,51770,1725 Harvey Mitchell Pkwy #2314,College Station,Texas,,,,false,,
zcrm_1781014000156081679,5/15/2022,5/17/2022,101024,3816 Roseland Avenue #C300,Dallas,Texas,,,,false,,
zcrm_1781014000156007835,5/14/2022,5/24/2022,34818,755 May Trail,McKinney,Texas,,,,false,,
zcrm_1781014000155988607,5/14/2022,5/16/2022,44702,17902 Laney's Catch,Lytle,Texas,,,,false,,
zcrm_1781014000155988178,5/14/2022,5/17/2022,204716,2245 Block Rd,Gunter,Texas,,,,false,,
zcrm_1781014000155985806,5/14/2022,5/17/2022,175959,115 Mesa Oaks,Leander,Texas,,,,false,,
zcrm_1781014000155965395,5/14/2022,5/14/2022,96785,4609 McKinley Street,Philadelphia,Pennsylvania,,,,false,,
zcrm_1781014000155944286,5/13/2022,5/19/2022,193858,814 N ST Mary,Carthage,Texas,,,,false,,
zcrm_1781014000155933025,5/13/2022,8/22/2022,273974,1915 Prairie View Drive,Dallas,Texas,,,,false,,
zcrm_1781014000155910657,5/13/2022,5/15/2022,277734,454 Marshall Dr,McKeesport,Pennsylvania,,,,false,,
zcrm_1781014000155893735,5/13/2022,5/16/2022,7410,210 Laurel Ridge Circle,Sherman,Texas,"Sep 13, 2022",,,false,,
zcrm_1781014000155892821,5/13/2022,5/15/2022,148427,1035 Harlan Ave,Wichita Falls,Texas,,,,false,,
zcrm_1781014000155883850,5/13/2022,5/17/2022,325989,7712 Windsor,The Colony,Texas,,,,false,,
zcrm_1781014000155883801,5/13/2022,5/13/2022,143144,10157 Private Road 367,Hawley,Texas,,,,false,,
zcrm_1781014000155826810,5/13/2022,5/15/2022,113833,11400 Starling Ranch Trl,Fort Worth,Texas,,,,false,,
zcrm_1781014000155826161,5/13/2022,5/19/2022,143433,734 E 18th St,Houston,Texas,,,,false,,
zcrm_1781014000155754448,5/13/2022,5/13/2022,21668,151 W Creek Cove,Dripping Springs,Texas,,,,false,,
zcrm_1781014000155677376,5/13/2022,5/16/2022,308295,1196 Route 590,Rowland,Pennsylvania,,,,false,,
zcrm_1781014000155551409,5/12/2022,9/10/2022,48594,12 Mayborough Ln,San Antonio,Texas,,,,false,,
zcrm_1781014000155530521,5/12/2022,6/14/2022,303261,12326 Lantana Leaf,San Antonio,Texas,,,,false,,
zcrm_1781014000155527221,5/12/2022,5/17/2022,326151,1810 Butterfield Trail,Grand Prairie,Texas,,,,false,,
zcrm_1781014000155524998,5/12/2022,6/1/2022,162786,3500 County Road 457,Thorndale,Texas,,,,false,,
zcrm_1781014000155518897,5/12/2022,5/12/2022,159705,5076 Red Rock Road,Franklin,Texas,,,,false,,
zcrm_1781014000155512598,5/12/2022,5/12/2022,32424,5200 George Ter,Amarillo,Texas,,,,false,,
zcrm_1781014000155512507,5/12/2022,5/12/2022,3642,2463 Westlake Dr.,Austin,Texas,"Sep 20, 2022",,,false,,
zcrm_1781014000155511186,5/12/2022,5/12/2022,267691,1469 & 1453 Montview St,Canyon Lake,Texas,,,,false,,
zcrm_1781014000155510956,5/12/2022,5/18/2022,21729,2254 Kiskadee Dr.,New Braunfels,Texas,,,,false,,
zcrm_1781014000155509336,5/12/2022,5/12/2022,2255,4806 Manett Street,Dallas,Texas,,,,false,,
zcrm_1781014000155431112,5/12/2022,5/12/2022,507,235 Parkview Terrace,Boerne,Texas,,,,false,,
zcrm_1781014000155430632,5/12/2022,5/16/2022,134559,307 Dominion Drive,Wylie,Texas,,,,false,,
zcrm_1781014000155414815,5/12/2022,5/18/2022,320849,705 S Lancaster,Big Spring,Texas,,,,false,,
zcrm_1781014000155371265,5/12/2022,5/12/2022,178479,4810 Silverleaf Ct,Temple,Texas,,,,false,,
zcrm_1781014000155353073,5/12/2022,5/17/2022,109249,4810 Conifer Ridge Way,Humble,Texas,,,,false,,
zcrm_1781014000155353024,5/12/2022,5/12/2022,132832,2306 Bourland Dr,Nevada,Texas,,,,false,,
zcrm_1781014000155224992,5/12/2022,5/12/2022,5490,1500 Summit Unit 5,Austin,Texas,,,,false,,
zcrm_1781014000155187164,5/12/2022,5/12/2022,46869,7012 Antelope Dr,Argyle,Texas,,,,false,,
zcrm_1781014000155142250,5/12/2022,5/12/2022,164,901 Medina Way,Leander,Texas,,,,false,,
zcrm_1781014000155021250,5/12/2022,5/14/2022,74533,9567 Elmo Weedon Road,Bryan,Texas,,,,false,,
zcrm_1781014000155017444,5/12/2022,5/13/2022,4543,125 Fallbrook Dr,Murphy,Texas,,,,false,,
zcrm_1781014000155017001,5/12/2022,5/17/2022,101122,2040 Modern Place,Dallas,Texas,,,,false,,
zcrm_1781014000154981027,5/11/2022,5/12/2022,37428,150 E. Edgewood,Alamo Heights,Texas,,,,false,,
zcrm_1781014000154970500,5/11/2022,5/11/2022,266190,5010 Wingfoot Drive,Corpus Christi,Texas,,,,false,,
zcrm_1781014000154938848,5/11/2022,5/12/2022,37417,19110 AUTUMN GARDEN,SAN ANTONIO,Texas,,,,false,,
zcrm_1781014000154924422,5/11/2022,5/12/2022,831,12301 Beartrap Ln,Austin,Texas,,,,false,,
zcrm_1781014000154921643,5/11/2022,5/12/2022,109039,1509 Cr 119B,Burnet,Texas,,,,false,,
zcrm_1781014000154915544,5/11/2022,8/26/2022,216384,1021 Perry St,Irving,Texas,,,,false,,
zcrm_1781014000154892274,5/11/2022,9/10/2022,62835,1027 Romaine Ln,Houston,Texas,,,,false,,
zcrm_1781014000154889124,5/11/2022,5/11/2022,111800,762 Brite Rd,Lockhart,Texas,,,,false,,
zcrm_1781014000154878572,5/11/2022,5/11/2022,325338,302 S Colket St,Kerens,Texas,,,,false,,
zcrm_1781014000154841233,5/11/2022,5/22/2022,6161,4504 Southern Avenue,Highland Park,Texas,"Oct 20, 2022",,,false,,
zcrm_1781014000154840915,5/11/2022,5/11/2022,36155,154 Palm Dr,Buda,Texas,,,,false,,
zcrm_1781014000154831407,5/11/2022,5/12/2022,292795,105 N GREENWOOD,BUCHANAN DAM,Texas,,,,false,,
zcrm_1781014000154830052,5/11/2022,5/12/2022,102204,5106 Windsong Trl,Houston,Texas,,,,false,,
zcrm_1781014000154688248,5/11/2022,5/11/2022,14752,6101 Corsica Way,Plano,Texas,"Sep 20, 2022",,,false,,
zcrm_1781014000154688126,5/11/2022,5/11/2022,61344,3909 Alderwood Lane,Temple,Texas,,,,false,,
zcrm_1781014000154656044,5/10/2022,5/11/2022,311170,1256 Aldrich Road,Millerton,Pennsylvania,,,,false,,
zcrm_1781014000154635947,5/10/2022,5/11/2022,68468,3115 W Stafford,Denison,Texas,,,,false,,
zcrm_1781014000154629658,5/10/2022,5/26/2022,46496,"4429 Gillis, Unit 1",Austin,Texas,,,,false,,
zcrm_1781014000154577500,5/10/2022,5/10/2022,55694,5870 STATE HWY 135 N,JACKSONVILLE,Texas,,,,false,,
zcrm_1781014000154575112,5/10/2022,5/11/2022,102179,2788 Brooks Rd,Bellville,Texas,,,,false,,
zcrm_1781014000154519928,5/10/2022,9/10/2022,1191,614 Waverly Dr,Midland,Texas,"Sep 5, 2022",,,false,,
zcrm_1781014000154519065,5/10/2022,5/10/2022,242761,2217 Desco Drive,Austin,Texas,,,,false,,
zcrm_1781014000154393781,5/10/2022,5/10/2022,76500,2101N Arcadia Loop,Kerrville,Texas,,,,false,,
zcrm_1781014000154205153,5/9/2022,5/16/2022,82882,5840 Master Street,Philadelphia,Pennsylvania,,,,false,,
zcrm_1781014000154204232,5/9/2022,8/15/2022,24872,650 Richfield Drive,Windcrest,Texas,,,,false,,
zcrm_1781014000154200593,5/9/2022,5/10/2022,2556,406 Bluffcourt,San Antonio,Texas,,,,false,,
zcrm_1781014000154199022,5/9/2022,5/9/2022,52894,7603 Rollingbrook Dr,Houston,Texas,,,,false,,
zcrm_1781014000154190341,5/9/2022,5/30/2022,44122,9223 Briarhurst Drive,Dallas,Texas,,,,false,,
zcrm_1781014000154186514,5/9/2022,5/10/2022,5300,7212 Old Mill Run,Fort Worth,Texas,,,,false,,
zcrm_1781014000154177244,5/9/2022,5/9/2022,311237,5055 BLUE SPRUCE HILL,HUMBLE,Texas,,,,false,,
zcrm_1781014000154169673,5/9/2022,5/10/2022,22864,4807 Park Ln,Austin,Texas,,,,false,,
zcrm_1781014000154165764,5/9/2022,5/10/2022,320520,1723 Grand Valley Dr,Houston,Texas,,,,false,,
zcrm_1781014000154164302,5/9/2022,6/2/2022,ID:ce93fd54-cd58-4181-a46e-9cd4d63563b4,1415 Cherry Cir 95035,Milpitas,California,,,,false,,
zcrm_1781014000154150177,5/9/2022,5/10/2022,68487,158 Denison Drive,Pottsboro,Texas,,,,false,,
zcrm_1781014000154149220,5/9/2022,5/9/2022,158,214 Independence Avenue,Liberty Hill,Texas,"Oct 14, 2022",,,true,,
zcrm_1781014000154075753,5/9/2022,5/9/2022,120889,329 Sutton Street,San Leon,Texas,,,,false,,
zcrm_1781014000154006011,5/9/2022,5/10/2022,ID:1941c87d-661e-4689-bdce-3cfbee6ddd5b,"255 N. Sierra St., Unit #511 89501",Reno,Nevada,,,,false,,
zcrm_1781014000153991570,5/9/2022,5/9/2022,286249,365 E. Harborside Rd,Oriental,North Carolina,,,,false,,
zcrm_1781014000153503203,5/6/2022,5/6/2022,117394,1443 Otter Street,Franklin,Pennsylvania,,,,false,,
zcrm_1781014000153498028,5/6/2022,5/8/2022,76398,6053 County Road 2297,Quinlan,Texas,,,,false,,
zcrm_1781014000153238810,5/5/2022,5/7/2022,211754,166 Devil's Hole Road,Cresco,Pennsylvania,,,,false,,
zcrm_1781014000152199525,5/3/2022,5/4/2022,185351,8719 STONE HOLLOW RD,Temple,Texas,,,,false,,
zcrm_1781014000151948160,5/2/2022,5/2/2022,1179,6508 FM RD 307,Midland,Texas,,,,false,,
zcrm_1781014000151652933,4/30/2022,4/30/2022,286249,588 E. Harborside Rd,Oriental,North Carolina,,,,false,,
zcrm_1781014000151327749,4/29/2022,4/30/2022,ID:7758e276-3f63-4fb4-83db-e6e723b09ae8,"2383 Independence Rd, Railroad Flat CA 95248 95248",Railroad Flat,California,,,,false,,
zcrm_1781014000151194508,4/28/2022,4/29/2022,223802,2101 CR 219,Florence,Texas,,,,false,,
zcrm_1781014000150915912,4/27/2022,4/28/2022,120731,5922 Echoway,San Antonio,Texas,,,,false,,
zcrm_1781014000150484305,4/26/2022,4/26/2022,123832,18418 CR 2106,Arp,Texas,,,,false,,
zcrm_1781014000150148106,4/25/2022,4/25/2022,112959,1228 Highway 73,Winnie,Texas,,,,false,,
zcrm_1781014000150083086,4/25/2022,4/25/2022,ID:150abce0-54c6-40d9-a70a-bc69de9edf79,84356 S 4725 road 74960-3806,STILWELL,Oklahoma,"Sep 9, 2022",,,false,,
zcrm_1781014000149837289,4/23/2022,6/30/2022,51959,5307 Daniels Ln.,Richmond,Texas,,,,false,,
zcrm_1781014000149679612,4/22/2022,4/22/2022,76500,"Rancho Paula Verde East, LOT 16, AC 69.",Roclksprings,Texas,,,,false,,
zcrm_1781014000149171116,4/21/2022,4/21/2022,166746,1471 NW County Road 2020,Corsicana,Texas,,,,false,,
zcrm_1781014000148840630,4/20/2022,4/20/2022,72000,10327 Briar Rose Dr.,Houston,Texas,,,,false,,
zcrm_1781014000148754528,4/20/2022,4/20/2022,208116,812 Marrietta Ln,Aubrey,Texas,,,,false,,
zcrm_1781014000148620736,4/19/2022,5/18/2022,169598,3678 Hidden Drive #101,San Antonio,Texas,,,,false,,
zcrm_1781014000148605619,4/19/2022,4/19/2022,89494,131 Comanche Trail,Pocono Lake,Pennsylvania,,,,false,,
zcrm_1781014000148571463,4/19/2022,8/8/2022,114850,6305 Opal Hill Courth,Fort Worth,Texas,,,,false,,
zcrm_1781014000148527483,4/19/2022,4/21/2022,62681,509 N State Highway 359,Mathis,Texas,,,,false,,
zcrm_1781014000148121145,4/18/2022,4/18/2022,3247,529 Candlegloo,Windcrest,Texas,,,,false,,
zcrm_1781014000147670997,4/15/2022,4/16/2022,128591,20100 Old Highway 105 Tiny Home,Cleveland,Texas,,,,false,,
zcrm_1781014000147588470,4/14/2022,4/14/2022,288029,359 CR 3605,Bullard,Texas,,,,false,,
zcrm_1781014000147413313,4/14/2022,4/14/2022,280757,1990 Justin,Highland village,Texas,,,,false,,
zcrm_1781014000147366964,4/14/2022,8/9/2022,67644,3207 Rooyal Courtside Avenue,Houston,Texas,,,,false,,
zcrm_1781014000146971723,4/12/2022,6/8/2022,237347,6449 Stotle Lane,Fort Worth,Texas,,,,false,,
zcrm_1781014000146954390,4/12/2022,4/21/2022,202749,2501 Buckley Lane,Round Rock,Texas,,,,false,,
zcrm_1781014000146830557,4/12/2022,4/13/2022,130019,105 Shawnee Dr,Hallsville,Texas,,,,false,,
zcrm_1781014000146720439,4/11/2022,4/11/2022,194880,2206 Delta,Longview,Texas,,,,false,,
zcrm_1781014000146711567,4/11/2022,4/11/2022,194880,2206 Delta,Longview,Texas,,,,false,,
zcrm_1781014000146660231,4/11/2022,4/11/2022,62641,3602 Shouse Rd,Santa Fe,Texas,,,,false,,
zcrm_1781014000146556681,4/11/2022,4/22/2022,ID:877d91b5-1f44-4f0e-b8af-1011ed7b3fdf,130 Goss Ave 95060,Santa Cruz,California,,,,false,,
zcrm_1781014000146196720,4/9/2022,4/11/2022,211763,437 Westcolang Road,Hawley,Pennsylvania,,,,false,,
zcrm_1781014000146178542,4/8/2022,4/11/2022,149821,2300 Olive Circle,Baytown,Texas,,,,false,,
zcrm_1781014000146133481,4/8/2022,4/8/2022,104730,17995 Country Club Drive,Kemp,Texas,,,,false,,
zcrm_1781014000145217225,4/5/2022,4/6/2022,76597,232 CR 144A,Marble Falls,Texas,,,,false,,
zcrm_1781014000144890011,4/4/2022,4/5/2022,239992,1010 CR 151,Carthage,Texas,,,,false,,
zcrm_1781014000144877088,4/4/2022,4/4/2022,166600,10242 Flynn Rd.,Warren,Texas,,,,false,,
zcrm_1781014000144634669,4/2/2022,4/2/2022,143147,1040 Timothy Lane,Abilene,Texas,,,,false,,
zcrm_1781014000144236753,3/31/2022,4/12/2022,40386,400 Hale Place3,Van Alstyne,Texas,,,,false,,
zcrm_1781014000143693126,3/29/2022,3/29/2022,303535,9800 FM 150 W,Driftwood,Texas,,,,false,,
zcrm_1781014000143256071,3/28/2022,3/30/2022,188924,9204 Ratliff Ridge Ave.,Odessa,Texas,,,,false,,
zcrm_1781014000143053282,3/27/2022,4/1/2022,277488,2210 Apley Ct,Bushkill,Pennsylvania,,,,false,,
zcrm_1781014000142907753,3/25/2022,3/26/2022,265102,1079 Anderson County Road 446,Palestine,Texas,,,,false,,
zcrm_1781014000142892526,3/25/2022,3/25/2022,,1122 East Leland Road # 152,Pittsburgh,,,,,false,,
zcrm_1781014000142106127,3/22/2022,3/22/2022,2870,810 Martin Luther King Dr. Bldg 2,San Antonio,Texas,,,,false,,
zcrm_1781014000141813149,3/21/2022,4/1/2022,70455,5420 Tupelo Drive,Plano,Texas,,,,false,,
zcrm_1781014000141295270,3/18/2022,3/20/2022,162033,8663 Charter Pt,San Antonio,Texas,,,,false,,
zcrm_1781014000140677785,3/16/2022,3/17/2022,156772,19985 CR 445,LINDALE,Texas,,,,false,,
zcrm_1781014000140626969,3/16/2022,3/16/2022,279171,2301 Harvard Oak Drive,Plano,Texas,,,,false,,
zcrm_1781014000140228900,3/15/2022,3/17/2022,713,4068 State Highway 97 E,Floresville,Texas,,,,false,,
zcrm_1781014000139639386,3/12/2022,3/17/2022,36324,4208 Wyatt St. #7,Pasadena,Texas,,,,false,,
zcrm_1781014000139581307,3/11/2022,3/12/2022,222495,0 N SCHARBAUER ST,goldsmith,Texas,,,,false,,
zcrm_1781014000139523242,3/11/2022,3/13/2022,74172,608 E 10th 1/2,Houston,Texas,,,,false,,
zcrm_1781014000139321404,3/10/2022,3/10/2022,26776,28710 Fitzroy Harbour,Katy,Texas,,,,false,,
zcrm_1781014000139298027,3/10/2022,7/22/2022,242768,312 N Douglas Street,Mart,Texas,,,,false,,
zcrm_1781014000139099491,3/9/2022,3/10/2022,79553,202 Plummer St,Oil City,Pennsylvania,,,,false,,
zcrm_1781014000139083088,3/9/2022,3/22/2022,56926,320 E State Hwy 46,Boerne,Texas,,,,false,,
zcrm_1781014000138684902,3/7/2022,3/9/2022,300838,11087 Dorrance lane,Meadows Place,Texas,,,,true,,
zcrm_1781014000138124020,3/3/2022,3/5/2022,193819,1104 FM 1564 W,Greenville,Texas,,,,false,,
zcrm_1781014000138105493,3/3/2022,3/3/2022,10215,21 Woodlodge,Huntsville,Texas,,,,false,,
zcrm_1781014000137845702,3/2/2022,4/1/2022,198602,10319 Greenwillow - Trojanowski,Houston,Texas,,,,false,,
zcrm_1781014000137308501,2/28/2022,2/28/2022,104465,7164 Texas R 2 Unit 306,Del Rio,Texas,,,,false,,
zcrm_1781014000137036542,2/25/2022,2/25/2022,63098,835 CR 304 E,Jarrell,Texas,,,,false,,
zcrm_1781014000136694698,2/24/2022,2/24/2022,204744,15265 Cliff Street,Hamshire,Texas,,,,false,,
zcrm_1781014000136331695,2/22/2022,2/22/2022,14024,1196/1198 Halpern,Houston,Texas,,,,false,,
zcrm_1781014000136288141,2/22/2022,2/22/2022,14210,123 Heidi Oaks,Houston,Texas,,,,false,,
zcrm_1781014000135527431,2/17/2022,2/17/2022,192529,213 Rae Anne Blvd,Livingston,Texas,,,,false,,
zcrm_1781014000135148735,2/16/2022,2/16/2022,199311,13569 Flower Pond,Saint Hedwig,Texas,,,,false,,
zcrm_1781014000134962592,2/15/2022,7/14/2022,185962,14717 Joy Lee Ln,Manor,Texas,,,,false,,
zcrm_1781014000134950081,2/15/2022,2/18/2022,79531,2818 W Master St,Philadelphia,Pennsylvania,,,,false,,
zcrm_1781014000134870228,2/14/2022,2/14/2022,ID:432eaa13-ee6b-4531-980e-03ba99ab2087,842 E Valley Blvd,Alhambra,California,"Feb 28, 2022",,,false,,
zcrm_1781014000134850129,2/14/2022,2/14/2022,48472,300 Bowie St #2902,Austin,Texas,,,,false,,
zcrm_1781014000134649877,2/13/2022,2/13/2022,,661 black champ rd,Waxahachie,,,,,false,,
zcrm_1781014000134065430,2/9/2022,2/9/2022,281508,2306 Love Road,killeen,Texas,,,,false,,
zcrm_1781014000133827946,2/8/2022,2/8/2022,13099,923 West Stone Avenue,White Deer,Texas,,,,false,,
zcrm_1781014000133825576,2/8/2022,2/13/2022,252460,1527 Beaconshire Road,Houston,Texas,"May 6, 2022",,,true,,
zcrm_1781014000133817240,2/8/2022,2/8/2022,286842,Brent Mullinix,Raywood,Texas,,,,false,,
zcrm_1781014000133555001,2/7/2022,2/9/2022,352,1605 E. Paseo Circle,Brownfield,Texas,,,,false,,
zcrm_1781014000133448254,2/5/2022,2/5/2022,104465,7164 Texas R 2 Unit 106,Del Rio,Texas,"Feb 22, 2022",,,false,,
zcrm_1781014000132647370,2/1/2022,2/8/2022,203215,8277 Kingsbrook Road #252,Houston,Texas,,,,false,,
zcrm_1781014000132313421,1/31/2022,5/9/2022,247415,17636 Highway 36,Guy,Texas,"Sep 19, 2022",,,false,,
zcrm_1781014000132303699,1/31/2022,2/17/2022,222689,2347 Washington Blvd,Franklin,Pennsylvania,,,,false,,
zcrm_1781014000131956400,1/27/2022,1/27/2022,208617,107 fm1191,Bryson,Texas,,,,false,,
zcrm_1781014000131361498,1/24/2022,1/25/2022,47581,13490 FM 2095,Gause,Texas,,,,false,,
zcrm_1781014000130236204,1/17/2022,1/19/2022,211795,157 Wilbur Bloom Blvd,East Stroudsburg,Pennsylvania,,,,false,,
zcrm_1781014000129431107,1/11/2022,1/11/2022,232849,23860 CR 374,Gladewater,Texas,,,,false,,
zcrm_1781014000129339601,1/11/2022,1/11/2022,18867,18325 Branson Falls,San Antonio,Texas,,,,false,,
zcrm_1781014000129022050,1/10/2022,1/10/2022,129627,4027 FM 2091 N,Gonzales,Texas,,,,false,,
zcrm_1781014000128807847,1/7/2022,1/7/2022,73677,3906 Sparkleberry Dr.,Corpus Christi,Texas,,,,false,,
zcrm_1781014000127873227,1/2/2022,1/2/2022,ID:e7f01e6f-b980-46e3-9420-a61c210957de,13601 Whittier Blvd,Whittier,California,,,,false,,
zcrm_1781014000126933184,12/27/2021,2/17/2022,150982,2047 Westcreek Lane #1203,Houston,Texas,,,,false,,
zcrm_1781014000125919740,12/20/2021,12/20/2021,ID:81019e9c-6081-4d04-a080-1119e820f955,280 Beacon Lane,Ukiah,California,,,,false,,
zcrm_1781014000125836147,12/20/2021,12/20/2021,116157,18252 CR 481,Lindale,Texas,,,,false,,
zcrm_1781014000125724900,12/18/2021,12/27/2021,3213,260 County Road 4802,Castroville,Texas,,,,false,,
zcrm_1781014000124916302,12/13/2021,12/15/2021,20592,7912 Rexford Dr,Fort Worth,Texas,,,,false,,
zcrm_1781014000124560359,12/10/2021,12/10/2021,242835,1058 Kc 470,Junction,Texas,,,,false,,
zcrm_1781014000123878139,12/6/2021,12/6/2021,260445,672 Broadway Street,Hanover,Pennsylvania,,,,false,,
zcrm_1781014000123702500,12/3/2021,12/13/2021,ID:4eb74241-6804-4f75-8255-82d6593b11f2,12324 Francis Drive,Grass Valley,California,,,,false,,
zcrm_1781014000123609156,12/3/2021,12/3/2021,154506,2802 Morrison St #206,Houston,Texas,,,,false,,
zcrm_1781014000123530617,12/3/2021,12/3/2021,58076,11613 American Mustang Loop,Manor,Texas,,,,false,,
zcrm_1781014000123438603,12/2/2021,12/2/2021,195563,3640 DUKE,BIG SPRING,Texas,,,,false,,
zcrm_1781014000123168379,12/1/2021,12/1/2021,,"george cosbuc, 1",iasi,,,,,false,,
zcrm_1781014000122988124,11/29/2021,12/2/2021,4752,6905 W Cleburne St,Fort Worth,Texas,,,,false,,
zcrm_1781014000122191060,11/23/2021,11/23/2021,231630,613 Chelsea Dr,Mission,Texas,,,,false,,
zcrm_1781014000121629294,11/19/2021,11/20/2021,226277,SN 60 Lake Cherokee,Henderson,Texas,"Sep 15, 2022",,,false,,
zcrm_1781014000121480240,11/18/2021,11/18/2021,153985,24654 Kingsland Blvd.,katy,Texas,,,,false,,
zcrm_1781014000121289403,11/17/2021,11/22/2021,71369,3290 B S Hwy 183,Gonzales,Texas,,,,false,,
zcrm_1781014000121281437,11/17/2021,11/19/2021,42334,634 CR 619,Skidmore,Texas,,,,false,,
zcrm_1781014000121007145,11/15/2021,11/16/2021,162784,6810 Fm 723 Road,Richmond,Texas,,,,false,,
zcrm_1781014000120975525,11/15/2021,11/15/2021,197481,15502 FM 2172 Schilling Farm HQ House,Darrouzett,Texas,,,,false,,
zcrm_1781014000120035052,11/10/2021,11/10/2021,98498,612 Benjamin Court,State College,Pennsylvania,,,,false,,
zcrm_1781014000119913542,11/9/2021,11/10/2021,21551,127 Stageline Dr (Two Story House),Kyle,Texas,"Dec 27, 2021",,,true,,
zcrm_1781014000119903773,11/9/2021,11/10/2021,21551,127 Stageline Dr (One Story House),Kyle,Texas,"Dec 27, 2021",,,false,,
zcrm_1781014000119683177,11/8/2021,11/8/2021,,"5049 Edwards Ranch Road, Ste. 220",Fort Worth,,,,,false,,
zcrm_1781014000119435127,11/5/2021,11/5/2021,,Elpaso,Colorado spring,,,,,false,,
zcrm_1781014000119347505,11/4/2021,11/4/2021,266722,3513 clearmont ave,Odessa,Texas,,,,false,,
zcrm_1781014000119291965,11/4/2021,11/4/2021,271580,715 S Tornillo St,Kermit,Texas,,,,false,,
zcrm_1781014000119259609,11/4/2021,11/4/2021,111064,5401 Asbury Court,Tyler,Texas,,,,false,,
zcrm_1781014000119187828,11/3/2021,11/3/2021,242835,915 Brushy Creek Trl,Bandera,Texas,,,,false,,
zcrm_1781014000118927476,11/2/2021,11/4/2021,120160,2525 N Pearl #1103,Dallas,Texas,,,,false,,
zcrm_1781014000118745925,11/1/2021,8/2/2021,ID:40676d01-8b7b-4c8e-97d1-0ac89c92cd59,13322 hiddendale #19,Saint Louis,Missouri,,,,false,,
zcrm_1781014000118483080,10/29/2021,10/30/2021,193018,4521 FM 1283,Pipe Creek,Texas,,,,false,,
zcrm_1781014000118322291,10/28/2021,10/28/2021,269216,402 Denver Blvd,San Antonio,Texas,,,,false,,
zcrm_1781014000118161858,10/27/2021,10/30/2021,169407,834 Firefly Drive,San Antonio,Texas,,,,false,,
zcrm_1781014000118151824,10/27/2021,10/28/2021,254990,1941 Horseshoe Bend,Tobyhanna,Pennsylvania,,,,false,,
zcrm_1781014000118015534,10/26/2021,10/26/2021,198217,400 S Old Hwy 81,Kyle,Texas,,,,false,,
zcrm_1781014000117746263,10/25/2021,10/25/2021,89610,2159 Onondaga Way,Tobyhanna,Pennsylvania,"Feb 18, 2022",,,true,,
zcrm_1781014000117634857,10/24/2021,10/24/2021,68255,122 E Brandon Drive,San Antonio,Texas,,,,false,,
zcrm_1781014000117617376,10/23/2021,10/23/2021,190775,11886 Hwy 12,Orange,Texas,,,,false,,
zcrm_1781014000116871611,10/19/2021,10/19/2021,221773,146 CR 3130,Colmesneil,Texas,,,,false,,
zcrm_1781014000116467957,10/17/2021,10/19/2021,11071,13459 CR 230,Somerville,Texas,,,,false,,
zcrm_1781014000116175657,10/14/2021,11/8/2021,42872,3714 Jasmine,Rowlett,Texas,,,,false,,
zcrm_1781014000116081084,10/14/2021,10/19/2021,79531,1238 Callowhill St #405,Philadelphia,Pennsylvania,,,,false,,
zcrm_1781014000115688006,10/12/2021,10/23/2021,,504 Heather Hills Drive (Barn Apt),Dripping Springs,,,,,false,,
zcrm_1781014000115638944,10/12/2021,10/13/2021,11071,CR 231,SOMERVILLE,Texas,,,,false,,
zcrm_1781014000115633507,10/12/2021,10/12/2021,,3326 Waxcande,Spring,,,,,false,,
zcrm_1781014000114834444,10/6/2021,10/6/2021,113358,1988 Gulf Street,Crystal Beach,Texas,,,,false,,
zcrm_1781014000114668056,10/5/2021,10/6/2021,113405,114 Capriccio Lane,Montgomery,Texas,,,,false,,
zcrm_1781014000113572190,9/28/2021,9/28/2021,122577,10098 CR 2124 D,Longview,Texas,,,,false,,
zcrm_1781014000113419303,9/28/2021,10/16/2021,3554,7514 Kalebs Pond Ct,Spring,Texas,,,,false,,
zcrm_1781014000111538430,9/18/2021,9/19/2021,141792,11125 N Country Squire St,Houston,Texas,,,,false,,
zcrm_1781014000111385899,9/17/2021,9/21/2021,70743,144 LCR 469,Mexia,Texas,,,,false,,
zcrm_1781014000110906497,9/14/2021,9/16/2021,,19919 FM973,Coupland,,,,,false,,
zcrm_1781014000110724153,9/13/2021,9/13/2021,222712,2974 Layton Dr Haltom Dr,Haltom City,Texas,,,,false,,
zcrm_1781014000110392021,9/10/2021,9/12/2021,107091,1030 CR 2215 WHITE RD,DAINGERFIELD,Texas,,,,false,,
zcrm_1781014000109453660,9/3/2021,9/4/2021,126074,410 Double M Dr. (Guest Home),Wimberley,Texas,,,,false,,
zcrm_1781014000109442487,9/3/2021,9/8/2021,3739,4625 County Road 191 E.,Kilgore,Texas,,,,false,,
zcrm_1781014000107261000,8/26/2021,9/23/2021,9553,15704 Grove Crest Drive,Frisco,Texas,,,,false,,
zcrm_1781014000106913812,8/25/2021,8/26/2021,160502,45-47 South 5th St,columbia,Pennsylvania,,,,false,,
zcrm_1781014000106853224,8/25/2021,11/3/2021,13580,4700 Boulder Dr Unit #1012,Midland,Texas,,,,false,,
zcrm_1781014000106853169,8/25/2021,11/2/2021,13580,4700 Boulder Dr Unit #1404,Midland,Texas,,,,false,,
zcrm_1781014000106851952,8/25/2021,11/2/2021,13580,4700 Boulder Dr Unit #1011,Midland,Texas,,,,false,,
zcrm_1781014000106849672,8/25/2021,8/25/2021,13580,4700 Boulder Dr Unit #714,Midland,Texas,"Nov 23, 2021",,,true,,
zcrm_1781014000106687592,8/24/2021,8/26/2021,133659,144 convent dr.,kyle,Texas,,,,false,,
zcrm_1781014000106344250,8/21/2021,8/21/2021,8777,5656 Boad Bay Lane,Fort Worth,Texas,,,,false,,
zcrm_1781014000105708697,8/18/2021,8/18/2021,110187,5960 HWY 12,Vidor,Texas,,,,false,,
zcrm_1781014000105702997,8/18/2021,8/18/2021,186312,10560 State Hwy 46 W,Spring Branch,Texas,,,,false,,
zcrm_1781014000105560970,8/17/2021,8/20/2021,62201,136 County road 3551,Paradise,Texas,,,,false,,
zcrm_1781014000105500691,8/17/2021,8/17/2021,186312,15060 State Hwy 46,Spring Branch,Texas,,,,false,,
zcrm_1781014000105481866,8/17/2021,8/18/2021,186312,15090 State Hwy 46 W,Spring Branch,Texas,,,,false,,
zcrm_1781014000105251179,8/15/2021,8/15/2021,28573,3420 Lyndhurst St #707,Austin,Texas,,,,false,,
zcrm_1781014000105062263,8/13/2021,11/20/2021,7904,6802 Baron Dr,Midland,Texas,,,,false,,
zcrm_1781014000105021775,8/13/2021,8/16/2021,101761,315 S Centre St,Pottsville,Pennsylvania,,,,false,,
zcrm_1781014000103681459,8/5/2021,8/5/2021,116932,23701 W Farmers,Amarillo,Texas,,,,false,,
zcrm_1781014000103674072,8/4/2021,8/4/2021,68302,4605 S 2nd Unit A,Austin,Texas,,,,false,,
zcrm_1781014000103661658,8/4/2021,8/5/2021,68302,4605 S 2nd Unit B,Austin,Texas,,,,false,,
zcrm_1781014000103613611,8/4/2021,8/14/2021,3706,4075 W. Hwy 190,San Saba,Texas,,,,false,,
zcrm_1781014000102655118,7/28/2021,7/28/2021,230844,524 Lovers Ln,Alto,Texas,,,,false,,
zcrm_1781014000100710026,7/15/2021,7/15/2021,88526,656 West 7th Street,Erie,Pennsylvania,,,,false,,
zcrm_1781014000100702707,7/15/2021,7/15/2021,171763,13385 Blackgum Ave.,Beaumont,Texas,,,,false,,
zcrm_1781014000100576059,7/15/2021,9/8/2021,32797,13652 CR 431,Tyler,Texas,,,,false,,
zcrm_1781014000100301677,7/13/2021,7/13/2021,62674,19902 Hwy 82,Honey Grove,Texas,,,,false,,
zcrm_1781014000100079402,7/12/2021,7/12/2021,47300,13200 IH 35,Jarrell,Texas,,,,false,,
zcrm_1781014000098714856,7/2/2021,7/3/2021,970,14901 Windward Unit #403,Corpus Christi,Texas,,,,false,,
zcrm_1781014000098210586,6/29/2021,7/1/2021,113408,27963 Deer Run St.,Montgomery,Texas,,,,false,,
zcrm_1781014000097059454,6/22/2021,6/24/2021,48442,1450 FM 2342,Kingsland,Texas,,,,false,,
zcrm_1781014000096901384,6/22/2021,6/22/2021,80090,331 Shannon Dr.,Long Pond,Pennsylvania,,,,false,,
zcrm_1781014000095856302,6/15/2021,6/16/2021,5239,"15262 State Hwy 198,",Mabank,Texas,"Aug 23, 2021",,,false,,
zcrm_1781014000095839758,6/15/2021,7/26/2021,170223,901 CR 3925,Wolfe City,Texas,,,,false,,
zcrm_1781014000095053015,6/9/2021,6/15/2021,4725,2984 N Hwy 78,Bonham,Texas,"Mar 9, 2022",,,false,,
zcrm_1781014000094983027,6/9/2021,6/9/2021,,8878 FM 1810,Chico,,,,,false,,
zcrm_1781014000093896312,6/2/2021,6/2/2021,153616,110 Hwy 60 N,Bay City,Texas,,,,false,,
zcrm_1781014000093705089,6/1/2021,6/1/2021,120613,1310 East James Street #28,Baytown,Texas,,,,false,,
zcrm_1781014000093561239,6/1/2021,6/1/2021,147603,13569 CR 313E,Tyler,Texas,,,,false,,
zcrm_1781014000092913345,5/26/2021,7/7/2022,176863,105 Jeffery Dr,Cedar Creek,Texas,,,,false,,
zcrm_1781014000091892588,5/19/2021,5/19/2021,1009,3933 Haden Dr,Odessa,Texas,,,,false,,
zcrm_1781014000089611062,5/5/2021,5/5/2021,ID:25d09136-da01-4831-8885-83d393288684,2702 LEE ST,GREENVILLE,Texas,,,,false,,
zcrm_1781014000089173633,5/2/2021,5/3/2021,28986,130 Flycatcher Cove,Cedar Creek,Texas,"Jun 17, 2021",,,false,,
zcrm_1781014000088561092,4/28/2021,5/4/2021,5670,20904 Waterside Dr #3,Lago Vista,Texas,,,,false,,
zcrm_1781014000088028081,4/24/2021,4/25/2021,3739,182 Cr 1331,Rusk,Texas,,,,false,,
zcrm_1781014000087509459,4/20/2021,4/20/2021,54147,801 Luther Street #1406,College Station,Texas,,,,false,,
zcrm_1781014000087419619,4/20/2021,4/20/2021,114803,116 9th st altoona pa,altoona,Pennsylvania,,,,false,,
zcrm_1781014000085926262,4/8/2021,4/9/2021,24691,10461 Aliann Road,San Antonio,Texas,,,,false,,
zcrm_1781014000084908368,3/31/2021,4/6/2021,,7824 Gardenia Dr.,Gilmer,,,,,false,,
zcrm_1781014000084776988,3/31/2021,4/1/2021,56803,2625 Rock View,Waco,Texas,,,,false,,
zcrm_1781014000084432580,3/29/2021,3/31/2021,48601,4543 Stratford Pl,San. Antonio,Texas,,,,false,,
zcrm_1781014000084314181,3/27/2021,3/28/2021,58342,4221 State Highway 81,Itasca,Texas,"May 28, 2021",,,false,,
zcrm_1781014000083829788,3/24/2021,3/24/2021,191559,1517B Haddon St,Houston,Texas,,,,false,,
zcrm_1781014000083306507,3/18/2021,3/20/2021,64463,448 Elm St,Kingsland,Texas,"Aug 16, 2021",,,false,,
zcrm_1781014000083208124,3/18/2021,4/5/2021,123832,17576 CR 2195,Whitehouse,Texas,,,,false,,
zcrm_1781014000083149353,3/17/2021,3/23/2021,9973,10021 Fossil Valley Dr,Fort Worth,Texas,"Apr 16, 2021",,,false,,
zcrm_1781014000082804551,3/15/2021,3/17/2021,144020,104 N 2nd St Unit #201,Philadelphia,Pennsylvania,,,,false,,
zcrm_1781014000081187011,3/2/2021,3/17/2021,48624,827 Long Creek Blvd,New Braunfels,Texas,,,,false,,
zcrm_1781014000081102571,3/2/2021,3/2/2021,160502,2561 Mount Clay Drive,effort,Pennsylvania,,,,false,,
zcrm_1781014000079847311,2/18/2021,2/23/2021,77254,3717 Garret Road,Drexel Hill,Pennsylvania,,,,false,,
zcrm_1781014000079846666,2/18/2021,2/19/2021,160502,2561 Mount Clay Drive,effort,Pennsylvania,,,,false,,
zcrm_1781014000079309196,2/12/2021,2/14/2021,114801,1032-36,Duncansville,Pennsylvania,,,,false,,
zcrm_1781014000079206600,2/11/2021,2/16/2021,3554,14446 Hwy 6 South,Navasota,Texas,,,,false,,
zcrm_1781014000079095957,2/10/2021,2/10/2021,73936,586 Riverforest Drive,New Braunfels,Texas,,,,false,,
zcrm_1781014000076685661,1/19/2021,1/27/2021,29087,12349 Westbury Ave.,El Paso TX,Texas,,,,false,,
zcrm_1781014000076590970,1/18/2021,1/26/2021,71328,14604 Lake Crescent Drive,Conroe,Texas,,,,false,,
zcrm_1781014000075773201,1/8/2021,1/11/2021,32366,1450 Highway 30 E,Huntsville,Texas,,,,false,,
zcrm_1781014000075630951,1/7/2021,1/7/2021,ID:33396a10-2e23-408c-8045-658d1b3b635c,680 Alberta Avenue #L,Sunnyvale,California,,,,false,,
zcrm_1781014000073820012,12/17/2020,12/18/2020,8258,1803 Richardson Ave #101,Dallas,Texas,,,,false,,
zcrm_1781014000073723461,12/17/2020,12/18/2020,8258,1803 Richardson Ave #106,Dallas,Texas,,,,false,,
zcrm_1781014000072784609,12/8/2020,12/8/2020,7170,826 Venado Hills,San Antonio,Texas,,,,false,,
zcrm_1781014000071934324,12/2/2020,12/9/2020,,1555 Bering Drive #128,Houston,,,,,false,,
zcrm_1781014000071577536,11/28/2020,11/28/2020,2523,580 Rangeland Road,Seguin,Texas,,,,false,,
zcrm_1781014000069868257,11/10/2020,11/10/2020,28981,465 CR 6753,Devine,Texas,"Feb 28, 2021",,,false,,
zcrm_1781014000069420184,11/5/2020,11/11/2020,,6027 FM 543,McKinney,,,,,false,,
zcrm_1781014000069119311,11/2/2020,11/10/2020,161309,"1409 Possum Trot, Unit A",Austin,Texas,,,,false,,
zcrm_1781014000069113367,11/2/2020,11/10/2020,161309,"1409 Possum Trot, Unit B",Austin,Texas,,,,false,,
zcrm_1781014000068736071,10/29/2020,10/31/2020,51430,2707 Hampton Park,Manvel,Texas,,,,false,,
zcrm_1781014000068651209,10/28/2020,10/28/2020,149130,1742 Bradenburg Dr,San Antonio,Texas,"Mar 3, 2021",,,true,,
zcrm_1781014000064506241,9/17/2020,9/27/2020,59768,2710 Grants Lake Blvd #11,Sugar Land,Texas,"Dec 11, 2020",,,true,,
zcrm_1781014000060768875,8/7/2020,8/7/2020,,10868 Carneie Dr,Forest Park,,,,,false,,
zcrm_1781014000058543004,7/16/2020,7/16/2020,,"2106 E State Highway 114, Ste 101",Southlake,,,,,false,,
zcrm_1781014000057575196,7/6/2020,8/31/2021,21146,"3800 Holland Ave., Suite 13",Dallas,Texas,,,,false,,
zcrm_1781014000055482156,6/12/2020,3/7/2021,110187,132 Grand Chase Dr,Nederland,Texas,,,,false,,
zcrm_1781014000050143724,4/8/2020,4/8/2020,,2106 E State Highway 114 Ste 101,Southlake,,,,,false,,
zcrm_1781014000049796121,4/3/2020,4/3/2020,36304,3005 Rocky 0Poont,Pearland,Texas,,,,false,,
zcrm_1781014000049619853,4/1/2020,4/1/2020,29963,4101 Preservation Cove,Austin,Texas,,,,false,,
zcrm_1781014000036412574,9/12/2019,9/28/2019,,6601 E County Rd 52,Midland,,"Oct 28, 2019",,,false,,
zcrm_1781014000034712806,8/19/2019,8/19/2019,2999,11737 US Hwy 281N,Spring Branch,Texas,,,,false,,
zcrm_1781014000021508028,11/26/2018,11/26/2018,,230 Dwyer Ave #704,Sasn Antonio,,,,,false,,
,,,,,,,,,,,,
,,,,,,,,,,,,
